id	place_id	location_id	kind	plane	min_x	min_y	max_x	max_y	dx	dy	rotation	flip	layer_id	legacy_piece_id	status	source_ref
deepfin_mine_piece	deepfin_mine		piece	0	1924	9160	2107	9215	-18	-6387	0	0	1228	141	verified	dungeons/pieces.tsv: piece 141; preserved authored transform
grimstone_dungeon_piece	grimstone_dungeon		piece	0	2876	10440	2931	10487	52	-6380	0	0	1342	482	verified	dungeons/pieces.tsv: piece 482; native Grimstone label and local object evidence
ghorrock_legacy_piece	ghorrock_dungeon		piece	0	2844	10441	2932	10489	0	-6400	0	0	1400	888	unresolved	dungeons/pieces.tsv: piece 888; conflicts with Grimstone; excluded pending identity research
grimstone_native_legacy_piece	grimstone_dungeon		piece	0	2840	10440	2935	10487	138	-6394	0	0	0	100360	unresolved	dungeons/native-pieces.tsv: old Ghorrock alias; extent/alignment unresolved; excluded pending research
isle_of_souls_piece	isle_of_souls_dungeon		piece	0	2113	9285	2173	9341	140	-6389	0	0	1025	656	verified	dev-server/feature-test-runs/20261007-010157-single-pair-live; native objects 40736/40737; cache area isle_of_souls_dungeon; exit aligned to entrance; native orientation and original bounds retained
isle_of_souls_native_piece	isle_of_souls_dungeon		piece	0	2112	9288	2175	9343	140	-6389	0	0	0	100332	verified	dev-server/feature-test-runs/20261007-010157-single-pair-live; native objects 40736/40737; cache area isle_of_souls_dungeon; exit aligned to entrance; native orientation and original bounds retained
lassar_undercity_piece	lassar_undercity		piece	0	2432	6208	2815	6527	449	-2940	0	0	1249	590	verified	Decoded server cache placements: entry 49477 (2922,5827,0), exit 48198 (2587,6436,0); dungeons/pieces.tsv:231 parent transform
lassar_shadow_piece	lassar_undercity		piece	0	2368	6336	2431	6399	705	-2940	0	0	1407	915	verified	Decoded server cache placements: entry 49477 (2922,5827,0), exit 48198 (2587,6436,0); dungeons/pieces.tsv:231 parent transform; retained shadow-room offset within authored assembly
god_wars_main_piece	god_wars_dungeon		piece	2	2820	5252	2943	5375	37	-1565	0	0	1069	135	verified	dev-server/feature-test-runs/20261007-012433-lassar-readonly/report.md; cache hole 26419 origin2917,3745 footprint4x4; entrance marker2918,3746 inside footprint; exit26370 at2881,5311 plane2; native orientation retained
god_wars_saradomin_piece	god_wars_dungeon		piece	0	2880	5248	2943	5311	37	-1565	0	0	1388	901	verified	dev-server/feature-test-runs/20261007-012433-lassar-readonly/report.md; cache hole 26419 origin2917,3745 footprint4x4; entrance marker2918,3746 inside footprint; exit26370 at2881,5311 plane2; native orientation retained
god_wars_nex_piece	god_wars_dungeon		piece	0	2848	5187	2942	5237	37	-1565	0	0	1391	648	verified	dev-server/feature-test-runs/20261007-012433-lassar-readonly/report.md; cache hole 26419 origin2917,3745 footprint4x4; entrance marker2918,3746 inside footprint; exit26370 at2881,5311 plane2; native orientation retained
