poi_id	tag
poi_000004	woodcutting
poi_000005	woodcutting
poi_000007	woodcutting
poi_000010	agility
poi_000014	sailing
poi_000015	fishing
poi_000016	agility
poi_000018	fishing
poi_000019	mining
poi_000020	mining
poi_000026	agility
poi_000030	mining
poi_000036	sailing
poi_000037	fishing
poi_000038	fishing
poi_000040	agility
poi_000041	sailing
poi_000043	sailing
poi_000047	woodcutting
poi_000049	woodcutting
poi_000050	sailing
poi_000051	sailing
poi_000052	agility
poi_000055	woodcutting
poi_000056	woodcutting
poi_000057	mining
poi_000058	sailing
poi_000060	fishing
poi_000062	fishing
poi_000063	fishing
poi_000065	agility
poi_000066	mining
poi_000068	agility
poi_000069	sailing
poi_000071	woodcutting
poi_000072	agility
poi_000082	fishing
poi_000084	woodcutting
poi_000092	fishing
poi_000093	fishing
poi_000097	agility
poi_000098	fishing
poi_000099	fishing
poi_000100	woodcutting
poi_000107	fishing
poi_000108	woodcutting
poi_000110	woodcutting
poi_000113	fishing
poi_000114	mining
poi_000117	sailing
poi_000118	fishing
poi_000119	woodcutting
poi_000120	sailing
poi_000123	fishing
poi_000124	fishing
poi_000127	sailing
poi_000128	fishing
poi_000130	sailing
poi_000131	fishing
poi_000132	fishing
poi_000135	sailing
poi_000136	woodcutting
poi_000145	sailing
poi_000147	fishing
poi_000150	fishing
poi_000152	sailing
poi_000154	fishing
poi_000155	woodcutting
poi_000157	agility
poi_000158	fishing
poi_000159	fishing
poi_000162	agility
poi_000163	woodcutting
poi_000164	woodcutting
poi_000165	mining
poi_000167	woodcutting
poi_000168	fishing
poi_000171	fishing
poi_000172	woodcutting
poi_000173	sailing
poi_000175	fishing
poi_000176	fishing
poi_000177	woodcutting
poi_000180	agility
poi_000182	sailing
poi_000183	woodcutting
poi_000184	woodcutting
poi_000186	fishing
deepfin_mooring	sailing
poi_000191	woodcutting
poi_000196	sailing
poi_000199	sailing
poi_000204	fishing
poi_000205	mining
poi_000213	woodcutting
poi_000214	fishing
poi_000216	fishing
poi_000218	fishing
poi_000221	woodcutting
poi_000222	woodcutting
poi_000228	woodcutting
poi_000229	mining
poi_000232	fishing
poi_000233	mining
poi_000240	fishing
poi_000242	woodcutting
poi_000243	agility
poi_000245	mining
deepfin_mine_entrance	mining
poi_000248	fishing
poi_000249	woodcutting
poi_000252	fishing
poi_000255	agility
poi_000258	sailing
poi_000260	sailing
poi_000262	fishing
poi_000266	fishing
poi_000268	fishing
poi_000272	fishing
poi_000275	fishing
poi_000276	fishing
poi_000279	sailing
poi_000281	woodcutting
poi_000290	woodcutting
poi_000298	woodcutting
poi_000302	woodcutting
poi_000307	fishing
poi_000310	fishing
poi_000313	agility
poi_000314	mining
poi_000316	fishing
poi_000317	mining
poi_000318	woodcutting
poi_000319	mining
poi_000324	fishing
poi_000325	woodcutting
poi_000328	woodcutting
poi_000329	agility
poi_000332	woodcutting
poi_000333	woodcutting
poi_000339	mining
poi_000340	agility
poi_000344	agility
poi_000355	agility
poi_000358	fishing
poi_000378	agility
poi_000381	agility
poi_000387	fishing
poi_000388	sailing
poi_000392	fishing
poi_000394	mining
poi_000401	agility
poi_000405	mining
poi_000410	fishing
poi_000412	fishing
poi_000418	fishing
poi_000423	sailing
poi_000425	agility
poi_000428	fishing
poi_000429	woodcutting
poi_000435	fishing
poi_000438	woodcutting
poi_000441	agility
poi_000445	sailing
poi_000447	mining
poi_000448	fishing
poi_000451	fishing
poi_000457	agility
poi_000465	agility
poi_000466	fishing
poi_000467	sailing
poi_000469	sailing
poi_000471	mining
poi_000476	woodcutting
poi_000478	mining
poi_000479	woodcutting
poi_000481	woodcutting
poi_000482	fishing
poi_000485	mining
poi_000487	fishing
poi_000488	mining
poi_000493	agility
poi_000497	mining
poi_000502	woodcutting
poi_000503	agility
poi_000506	woodcutting
poi_000507	fishing
poi_000508	mining
poi_000510	fishing
poi_000511	woodcutting
poi_000525	agility
poi_000526	woodcutting
poi_000529	mining
poi_000544	mining
poi_000550	mining
poi_000560	woodcutting
poi_000562	agility
poi_000563	agility
poi_000565	woodcutting
poi_000574	agility
poi_000576	woodcutting
poi_000577	woodcutting
poi_000592	fishing
poi_000593	woodcutting
poi_000595	fishing
poi_000599	agility
poi_000601	agility
poi_000602	woodcutting
poi_000606	woodcutting
poi_000619	woodcutting
poi_000622	mining
poi_000633	fishing
poi_000662	fishing
poi_000680	woodcutting
poi_000689	agility
poi_000699	mining
poi_000710	sailing
poi_000717	woodcutting
poi_000718	fishing
poi_000719	fishing
poi_000724	sailing
poi_000747	agility
poi_000748	agility
poi_000749	agility
poi_000755	fishing
poi_000760	fishing
poi_000762	agility
poi_000770	fishing
poi_000773	sailing
poi_000774	woodcutting
poi_000775	woodcutting
poi_000780	mining
poi_000783	woodcutting
poi_000784	sailing
poi_000785	agility
poi_000787	agility
poi_000789	sailing
poi_000792	fishing
poi_000794	mining
poi_000798	sailing
poi_000802	fishing
poi_000803	mining
poi_000805	mining
poi_000808	fishing
poi_000813	fishing
poi_000815	agility
poi_000821	agility
poi_000824	fishing
poi_000825	agility
poi_000826	mining
poi_000834	sailing
poi_000842	woodcutting
poi_000845	mining
poi_000846	fishing
poi_000851	fishing
poi_000864	woodcutting
poi_000873	mining
poi_000878	mining
poi_000880	mining
poi_000884	fishing
poi_000887	fishing
poi_000888	fishing
poi_000892	fishing
poi_000896	fishing
poi_000897	fishing
poi_000898	fishing
poi_000899	woodcutting
poi_000901	fishing
poi_000902	agility
poi_000903	agility
poi_000905	fishing
poi_000914	fishing
poi_000922	fishing
poi_000927	sailing
poi_000929	fishing
poi_000938	sailing
poi_000940	fishing
poi_000944	fishing
poi_000950	fishing
poi_000951	fishing
poi_000959	woodcutting
poi_001006	agility
poi_001009	woodcutting
poi_001020	mining
poi_001022	sailing
poi_001027	woodcutting
poi_001030	fishing
poi_001032	sailing
poi_001039	woodcutting
poi_001040	woodcutting
poi_001043	mining
poi_001052	fishing
poi_001064	mining
poi_001067	fishing
poi_001075	woodcutting
poi_001077	fishing
poi_001078	mining
poi_001083	mining
poi_001095	agility
poi_001099	fishing
poi_001100	agility
poi_001102	fishing
poi_001105	mining
poi_001107	woodcutting
poi_001121	agility
poi_001122	agility
poi_001127	sailing
poi_001130	mining
poi_001138	woodcutting
poi_001142	fishing
poi_001145	fishing
poi_001148	fishing
poi_001153	mining
poi_001154	sailing
poi_001158	fishing
poi_001163	woodcutting
poi_001165	mining
poi_001166	agility
poi_001168	fishing
poi_001169	mining
poi_001170	mining
poi_001176	agility
poi_001178	mining
poi_001182	agility
poi_001185	woodcutting
poi_001196	fishing
poi_001203	agility
poi_001208	mining
poi_001215	fishing
poi_001217	agility
poi_001220	woodcutting
poi_001221	agility
poi_001229	fishing
poi_001231	sailing
poi_001236	sailing
poi_001238	agility
poi_001242	agility
poi_001243	agility
poi_001255	woodcutting
poi_001256	mining
poi_001257	woodcutting
poi_001258	woodcutting
poi_001260	fishing
poi_001261	agility
poi_001271	agility
poi_001273	woodcutting
poi_001286	woodcutting
poi_001289	woodcutting
poi_001290	woodcutting
poi_001293	agility
poi_001295	mining
poi_001296	woodcutting
poi_001300	sailing
poi_001305	agility
poi_001308	fishing
poi_001309	agility
poi_001316	fishing
poi_001321	mining
poi_001322	fishing
poi_001324	agility
poi_001326	mining
poi_001332	woodcutting
poi_001336	agility
poi_001345	sailing
poi_001347	agility
poi_001350	woodcutting
poi_001359	fishing
poi_001362	agility
poi_001366	woodcutting
poi_001382	fishing
poi_001386	woodcutting
poi_001390	agility
poi_001405	fishing
poi_001411	agility
poi_001416	fishing
poi_001421	fishing
poi_001423	mining
poi_001425	agility
poi_001427	woodcutting
poi_001435	woodcutting
poi_001436	mining
poi_001443	fishing
poi_001454	fishing
poi_001456	mining
poi_001459	fishing
poi_001465	fishing
poi_001477	agility
poi_001479	woodcutting
poi_001481	fishing
poi_001482	woodcutting
poi_001493	woodcutting
poi_001504	agility
poi_001513	woodcutting
poi_001517	woodcutting
poi_001525	fishing
poi_001529	sailing
poi_001537	fishing
poi_001541	fishing
poi_001543	woodcutting
poi_001550	fishing
poi_001557	woodcutting
poi_001560	mining
poi_001561	fishing
poi_001562	sailing
poi_001563	fishing
poi_001566	fishing
poi_001567	woodcutting
poi_001568	fishing
poi_001570	mining
poi_001571	fishing
poi_001572	fishing
poi_001575	fishing
poi_001579	fishing
poi_001585	fishing
poi_001590	woodcutting
poi_001591	mining
poi_001592	fishing
poi_001595	fishing
poi_001596	woodcutting
poi_001597	fishing
poi_001606	fishing
poi_001609	fishing
poi_001613	fishing
poi_001615	woodcutting
poi_001617	woodcutting
poi_001622	fishing
poi_001626	sailing
poi_001627	fishing
poi_001628	agility
poi_001630	fishing
poi_001634	woodcutting
poi_001635	fishing
poi_001636	fishing
poi_001638	woodcutting
poi_001645	fishing
poi_001646	fishing
poi_001649	fishing
poi_001650	agility
poi_001654	fishing
poi_001665	agility
poi_001675	woodcutting
poi_001678	fishing
poi_001679	fishing
poi_001680	fishing
poi_001682	fishing
poi_001688	woodcutting
poi_001691	fishing
poi_001705	woodcutting
poi_001706	sailing
poi_001721	woodcutting
poi_001736	woodcutting
poi_001738	sailing
poi_001740	woodcutting
poi_001745	fishing
poi_001746	woodcutting
poi_001751	woodcutting
poi_001752	woodcutting
poi_001753	agility
poi_001755	woodcutting
poi_001762	woodcutting
poi_001767	agility
poi_001768	mining
poi_001772	agility
poi_001781	fishing
poi_001790	woodcutting
poi_001792	woodcutting
poi_001794	mining
poi_001798	agility
poi_001809	woodcutting
poi_001815	mining
poi_001820	fishing
poi_001821	woodcutting
poi_001823	woodcutting
poi_001827	woodcutting
poi_001830	woodcutting
poi_001834	woodcutting
poi_001836	fishing
poi_001839	woodcutting
poi_001850	mining
poi_001852	woodcutting
poi_001853	agility
poi_001860	woodcutting
poi_001862	woodcutting
poi_001868	woodcutting
poi_001871	woodcutting
poi_001874	mining
poi_001882	woodcutting
poi_001884	fishing
poi_001889	woodcutting
poi_001890	woodcutting
poi_001895	woodcutting
poi_001899	woodcutting
poi_001900	agility
poi_001901	fishing
poi_001902	agility
poi_001911	fishing
poi_001916	agility
poi_001917	woodcutting
poi_001918	fishing
poi_001927	sailing
poi_001928	fishing
poi_001930	agility
poi_001931	woodcutting
poi_001933	agility
poi_001939	fishing
poi_001946	woodcutting
poi_001948	fishing
poi_001950	fishing
poi_001951	fishing
poi_001959	fishing
poi_001962	fishing
poi_001963	woodcutting
poi_001966	fishing
poi_001970	woodcutting
poi_001971	agility
poi_001972	fishing
poi_001974	agility
poi_001980	woodcutting
poi_001986	woodcutting
poi_001990	fishing
poi_001996	agility
poi_002001	fishing
poi_002006	woodcutting
poi_002008	fishing
poi_002020	mining
poi_002025	agility
poi_002029	woodcutting
poi_002032	agility
poi_002040	fishing
poi_002047	woodcutting
poi_002053	mining
poi_002055	woodcutting
poi_002058	agility
poi_002065	fishing
poi_002071	woodcutting
poi_002072	fishing
poi_002073	fishing
poi_002077	woodcutting
poi_002080	fishing
poi_002084	fishing
poi_002090	woodcutting
poi_002091	fishing
poi_002106	agility
poi_002112	fishing
poi_002121	woodcutting
poi_002122	fishing
poi_002124	woodcutting
poi_002126	mining
poi_002136	mining
poi_002147	mining
poi_002149	woodcutting
poi_002150	woodcutting
poi_002165	woodcutting
poi_002170	agility
poi_002180	woodcutting
poi_002185	agility
poi_002191	agility
poi_002195	fishing
poi_002201	woodcutting
poi_002210	agility
poi_002215	agility
poi_002219	woodcutting
poi_002224	agility
poi_002228	fishing
poi_002236	agility
poi_002237	fishing
poi_002238	sailing
poi_002240	woodcutting
poi_002246	woodcutting
poi_002248	sailing
poi_002250	sailing
poi_002254	fishing
poi_002258	mining
poi_002259	agility
poi_002261	fishing
poi_002263	agility
poi_002265	fishing
poi_002266	fishing
poi_002268	fishing
poi_002270	woodcutting
poi_002271	mining
poi_002272	fishing
poi_002273	sailing
poi_002275	fishing
poi_002278	fishing
poi_002282	agility
poi_002284	fishing
poi_002286	mining
poi_002291	fishing
poi_002306	woodcutting
poi_002308	woodcutting
poi_002316	fishing
poi_002325	woodcutting
poi_002344	fishing
poi_002346	agility
poi_002359	woodcutting
poi_002363	woodcutting
poi_002367	agility
poi_002370	mining
poi_002372	fishing
poi_002373	sailing
poi_002374	woodcutting
poi_002375	agility
poi_002377	fishing
poi_002381	woodcutting
poi_002384	mining
poi_002389	fishing
poi_002390	sailing
poi_002393	woodcutting
poi_002394	agility
poi_002397	sailing
poi_002398	fishing
poi_002405	fishing
poi_002408	agility
poi_002415	fishing
poi_002421	fishing
poi_002424	fishing
poi_002425	woodcutting
poi_002432	woodcutting
poi_002435	agility
poi_002446	agility
poi_002451	mining
poi_002454	fishing
poi_002456	mining
poi_002457	mining
poi_002459	agility
poi_002462	woodcutting
poi_002463	woodcutting
poi_002466	agility
poi_002472	agility
poi_002473	agility
poi_002478	agility
poi_002479	agility
poi_002485	mining
poi_002486	sailing
poi_002487	fishing
poi_002489	mining
poi_002491	mining
poi_002492	mining
poi_002495	mining
poi_002496	sailing
poi_002499	agility
poi_002500	agility
poi_002501	mining
poi_002503	fishing
poi_002505	mining
poi_002511	mining
poi_002516	agility
poi_002521	mining
poi_002522	mining
poi_002524	woodcutting
poi_002526	mining
poi_002527	mining
poi_002531	agility
poi_002532	mining
poi_002535	sailing
poi_002536	agility
poi_002538	mining
poi_002539	agility
poi_002541	mining
poi_002546	woodcutting
poi_002556	mining
poi_002564	fishing
poi_002566	mining
poi_002568	woodcutting
poi_002571	mining
poi_002574	mining
poi_002581	mining
poi_002590	sailing
poi_002595	fishing
poi_002598	fishing
poi_002599	agility
poi_002600	sailing
grimstone_mooring	sailing
poi_002603	mining
poi_002606	mining
poi_002607	mining
poi_002614	mining
poi_002616	agility
poi_002617	agility
poi_002618	mining
poi_002619	woodcutting
poi_002620	woodcutting
poi_002623	mining
poi_002624	mining
poi_002625	mining
poi_002626	mining
poi_002631	mining
poi_002640	woodcutting
poi_002647	mining
poi_002648	mining
poi_002649	fishing
poi_002651	mining
poi_002652	mining
poi_002656	agility
poi_002661	fishing
poi_002664	fishing
poi_002665	fishing
poi_002689	fishing
poi_002690	mining
poi_002694	fishing
poi_002695	fishing
poi_002696	mining
poi_002698	fishing
poi_002699	fishing
poi_002700	agility
poi_002701	fishing
poi_002718	mining
poi_002735	fishing
poi_002738	fishing
poi_002748	agility
poi_002750	agility
poi_002751	agility
poi_002760	woodcutting
poi_002762	woodcutting
poi_002764	woodcutting
poi_002765	woodcutting
poi_002768	woodcutting
poi_002770	woodcutting
poi_002778	agility
poi_002781	woodcutting
poi_002782	fishing
poi_002784	woodcutting
poi_002785	fishing
poi_002786	fishing
poi_002787	woodcutting
poi_002805	agility
poi_002814	agility
poi_002815	agility
poi_002817	agility
poi_002818	agility
poi_002822	fishing
poi_002823	fishing
poi_002826	fishing
poi_002827	mining
poi_002828	mining
poi_002829	fishing
poi_002831	mining
poi_002833	woodcutting
poi_002841	fishing
poi_002852	woodcutting
poi_002861	fishing
poi_002863	fishing
poi_002864	agility
poi_002867	mining
poi_002870	fishing
poi_002871	woodcutting
poi_002877	agility
poi_002878	mining
poi_002879	mining
poi_002881	woodcutting
poi_002885	fishing
poi_002893	agility
poi_002898	mining
poi_002899	mining
poi_002905	woodcutting
poi_002908	woodcutting
poi_002916	sailing
poi_002923	woodcutting
poi_002934	fishing
poi_002937	woodcutting
poi_002939	fishing
poi_002940	mining
poi_002964	fishing
poi_002965	woodcutting
poi_002976	woodcutting
poi_002989	woodcutting
poi_002990	woodcutting
poi_002997	woodcutting
poi_002998	woodcutting
poi_002999	mining
poi_003006	woodcutting
poi_003007	woodcutting
poi_003012	woodcutting
poi_003013	woodcutting
poi_003015	woodcutting
poi_003018	fishing
poi_003021	fishing
poi_003026	fishing
poi_003027	agility
poi_003028	fishing
poi_003047	mining
poi_003048	mining
poi_003049	agility
poi_003055	mining
poi_003062	agility
poi_003065	agility
poi_003096	agility
poi_003104	agility
poi_003124	mining
poi_003125	mining
poi_003134	mining
poi_003136	agility
poi_003138	woodcutting
poi_003139	agility
poi_003141	agility
poi_003144	fishing
poi_003145	agility
poi_003146	woodcutting
poi_003147	fishing
poi_003150	agility
poi_003155	mining
poi_003156	fishing
poi_003158	sailing
poi_003162	mining
poi_003164	mining
poi_003165	fishing
poi_003166	mining
poi_003181	mining
deepfin_mine_exit	mining
poi_003184	mining
poi_003185	agility
poi_003186	agility
poi_003187	mining
poi_003188	mining
poi_003189	mining
poi_003191	mining
poi_003192	mining
poi_003201	agility
poi_003202	mining
poi_003204	agility
poi_003207	agility
poi_003233	mining
poi_003237	mining
poi_003244	agility
poi_003245	fishing
poi_003246	agility
poi_003247	agility
poi_003248	agility
poi_003251	agility
poi_003255	fishing
poi_003256	mining
poi_003259	agility
poi_003262	agility
poi_003263	fishing
poi_003269	fishing
poi_003270	mining
poi_003272	agility
poi_003273	mining
poi_003274	fishing
poi_003286	mining
poi_003287	mining
poi_003292	mining
poi_003296	mining
poi_003302	mining
poi_003303	mining
poi_003312	mining
poi_003318	mining
poi_003327	agility
poi_003330	fishing
poi_003331	mining
poi_003335	mining
poi_003345	mining
poi_003350	mining
poi_003353	mining
poi_003356	agility
poi_003360	mining
poi_003361	fishing
poi_003363	fishing
poi_003365	fishing
poi_003367	agility
poi_003368	agility
poi_003371	mining
poi_003374	agility
poi_003375	fishing
poi_003376	agility
poi_003382	agility
poi_003385	agility
poi_003386	agility
poi_003387	agility
poi_003388	agility
poi_003389	agility
poi_003390	mining
poi_003392	agility
poi_003393	agility
poi_003395	agility
poi_003397	mining
poi_003401	mining
poi_003402	agility
poi_003403	agility
poi_003404	agility
poi_003408	mining
poi_003410	agility
poi_003415	agility
poi_003427	mining
poi_003429	mining
poi_003431	agility
poi_003433	mining
poi_003437	mining
poi_003439	agility
poi_003441	mining
poi_003443	agility
poi_003444	mining
poi_003446	agility
poi_003454	mining
poi_003456	mining
poi_003458	agility
poi_003470	agility
poi_003472	agility
poi_003473	agility
poi_003474	agility
poi_003479	agility
poi_003481	agility
poi_003482	agility
poi_003483	agility
poi_003486	agility
poi_003489	agility
poi_003491	mining
poi_003494	agility
poi_003495	mining
poi_003496	agility
poi_003500	agility
poi_003505	agility
poi_003512	agility
poi_003513	mining
poi_003518	mining
poi_003530	agility
poi_003540	agility
poi_003546	agility
poi_003554	agility
poi_003557	mining
poi_003566	agility
poi_003572	mining
poi_003574	agility
poi_003576	agility
poi_003577	mining
poi_003579	agility
poi_003583	mining
poi_003584	agility
poi_003590	agility
poi_003594	sailing
poi_003598	sailing
poi_003604	sailing
poi_003613	sailing
poi_003620	agility
poi_003623	sailing
poi_003634	sailing
poi_003645	sailing
poi_003663	sailing
poi_003675	sailing
poi_003687	sailing
poi_003693	sailing
poi_003704	sailing
poi_003711	agility
poi_003738	sailing
poi_003747	sailing
poi_003755	agility
poi_003761	sailing
poi_003766	sailing
poi_003780	woodcutting
poi_003788	woodcutting
poi_003814	agility
poi_003816	agility
poi_003823	sailing
poi_003827	sailing
poi_003847	agility
poi_003857	agility
poi_003858	sailing
poi_003863	agility
poi_003879	agility
poi_003881	woodcutting
poi_003882	woodcutting
poi_003883	woodcutting
poi_003884	mining
poi_003885	mining
poi_003886	mining
poi_003887	mining
poi_003888	mining
poi_003889	mining
poi_003904	woodcutting
poi_003906	woodcutting
poi_003919	woodcutting
poi_003939	sailing
poi_003956	agility
poi_003957	agility
poi_003964	agility
poi_003967	mining
poi_003969	mining
poi_003977	agility
poi_003979	woodcutting
poi_003980	woodcutting
poi_003981	mining
poi_003982	agility
poi_003983	agility
poi_004016	fishing
poi_004025	mining
poi_004028	agility
poi_004029	agility
poi_004039	agility
poi_004046	fishing
poi_004062	woodcutting
poi_004065	woodcutting
poi_004066	agility
poi_004067	agility
poi_004075	agility
poi_004078	mining
poi_004080	agility
poi_004081	agility
poi_004093	agility
poi_004097	agility
poi_004106	mining
poi_004107	mining
poi_004108	mining
poi_004109	agility
poi_004113	agility
poi_004115	mining
poi_004116	mining
poi_004117	mining
poi_004118	mining
poi_004120	mining
poi_004124	agility
poi_004130	agility
poi_004149	mining
poi_004150	mining
poi_004155	mining
poi_004156	mining
poi_004158	woodcutting
poi_004168	agility
poi_004169	agility
poi_004182	woodcutting
poi_004300	mining
poi_004301	agility
poi_005612	woodcutting
poi_005761	agility
poi_005762	agility
poi_005763	agility
poi_005796	mining
poi_005797	mining
poi_005798	mining
poi_005799	mining
poi_005800	mining
poi_005801	mining
poi_005802	woodcutting
poi_005803	woodcutting
poi_005804	woodcutting
poi_005820	fishing
poi_005821	fishing
poi_005822	fishing
poi_005823	fishing
poi_005824	fishing
poi_005825	mining
poi_005826	mining
poi_005827	mining
poi_005828	mining
poi_005829	mining
poi_005830	mining
poi_005831	mining
poi_005832	mining
poi_005833	mining
poi_005834	mining
poi_005835	mining
poi_005836	mining
poi_005837	mining
poi_005838	mining
poi_005839	mining
poi_005840	mining
poi_005841	mining
poi_005842	mining
poi_005843	mining
poi_005844	mining
poi_005845	mining
poi_006360	mining
poi_006361	mining
poi_006362	mining
poi_006363	fishing
poi_006374	sailing
poi_006428	agility
poi_006588	woodcutting
poi_006589	woodcutting
poi_006590	woodcutting
poi_006591	woodcutting
poi_006592	woodcutting
poi_006593	woodcutting
poi_006594	woodcutting
poi_006595	woodcutting
poi_006596	woodcutting
poi_006597	woodcutting
poi_006598	woodcutting
poi_006599	woodcutting
poi_006600	woodcutting
poi_006601	woodcutting
poi_006602	woodcutting
poi_006603	woodcutting
poi_006604	woodcutting
poi_006605	woodcutting
poi_006606	woodcutting
poi_006607	woodcutting
poi_006608	woodcutting
poi_006609	woodcutting
poi_006610	woodcutting
poi_006611	woodcutting
poi_006612	woodcutting
poi_006613	woodcutting
poi_006614	woodcutting
poi_006615	woodcutting
poi_006616	woodcutting
poi_006617	woodcutting
poi_006618	woodcutting
poi_006619	woodcutting
poi_006620	woodcutting
poi_006621	woodcutting
poi_006622	woodcutting
poi_006623	woodcutting
poi_006624	woodcutting
poi_006625	woodcutting
poi_006626	woodcutting
poi_006627	woodcutting
poi_006628	woodcutting
poi_006629	woodcutting
poi_006630	woodcutting
poi_006631	woodcutting
poi_006632	woodcutting
poi_006633	woodcutting
poi_006634	woodcutting
poi_006635	woodcutting
poi_006636	woodcutting
poi_006637	woodcutting
poi_006638	woodcutting
poi_006639	woodcutting
poi_006640	woodcutting
poi_006641	woodcutting
poi_006642	woodcutting
poi_006643	woodcutting
poi_006644	woodcutting
poi_006645	woodcutting
poi_006646	woodcutting
poi_006647	woodcutting
poi_006648	woodcutting
poi_006649	woodcutting
poi_006650	woodcutting
poi_006651	woodcutting
poi_006652	woodcutting
poi_006653	woodcutting
poi_006654	woodcutting
poi_006655	woodcutting
poi_006656	woodcutting
poi_006657	woodcutting
poi_006658	woodcutting
poi_006659	woodcutting
poi_006660	woodcutting
poi_006661	woodcutting
poi_006662	woodcutting
poi_006663	woodcutting
poi_006664	woodcutting
poi_006665	woodcutting
poi_006666	woodcutting
poi_006667	woodcutting
poi_006668	woodcutting
poi_006669	woodcutting
poi_006670	woodcutting
poi_006671	woodcutting
poi_006672	woodcutting
poi_006673	woodcutting
poi_006674	woodcutting
poi_006675	woodcutting
poi_006676	woodcutting
poi_006677	woodcutting
poi_006678	woodcutting
poi_006679	woodcutting
poi_006680	woodcutting
poi_006681	woodcutting
poi_006682	woodcutting
poi_006683	woodcutting
poi_006684	woodcutting
poi_006685	woodcutting
poi_006686	woodcutting
poi_006687	woodcutting
poi_006688	woodcutting
poi_006689	woodcutting
poi_006690	woodcutting
poi_006691	woodcutting
poi_006692	woodcutting
poi_006693	woodcutting
poi_006694	woodcutting
poi_006695	woodcutting
poi_006696	woodcutting
poi_006697	woodcutting
poi_006698	woodcutting
poi_006699	woodcutting
poi_006700	woodcutting
poi_006701	woodcutting
poi_006702	woodcutting
poi_006703	woodcutting
poi_006704	woodcutting
poi_006705	woodcutting
poi_006706	woodcutting
poi_006707	woodcutting
poi_006708	woodcutting
poi_006709	woodcutting
poi_006710	woodcutting
poi_006711	woodcutting
poi_006712	woodcutting
poi_006713	woodcutting
poi_006714	woodcutting
poi_006715	woodcutting
poi_006716	woodcutting
poi_006717	woodcutting
poi_006718	woodcutting
poi_006719	woodcutting
poi_006720	woodcutting
poi_006721	woodcutting
poi_006722	woodcutting
poi_006723	woodcutting
poi_006724	woodcutting
poi_006725	woodcutting
poi_006726	woodcutting
poi_006727	woodcutting
poi_006728	woodcutting
poi_006729	woodcutting
poi_006730	woodcutting
poi_006731	woodcutting
poi_006732	woodcutting
poi_006733	woodcutting
poi_006734	woodcutting
poi_006735	woodcutting
poi_006736	woodcutting
poi_006737	woodcutting
poi_006738	woodcutting
poi_006739	woodcutting
poi_006740	woodcutting
poi_006741	woodcutting
poi_006742	woodcutting
poi_006743	woodcutting
poi_006744	woodcutting
poi_006745	woodcutting
poi_006746	woodcutting
poi_006747	woodcutting
poi_006748	woodcutting
poi_006749	woodcutting
poi_006750	woodcutting
poi_006751	woodcutting
poi_006752	woodcutting
poi_006753	woodcutting
poi_006754	woodcutting
poi_006755	woodcutting
poi_006756	woodcutting
poi_006757	woodcutting
poi_006758	woodcutting
poi_006759	woodcutting
poi_006760	woodcutting
poi_006761	woodcutting
poi_006762	woodcutting
poi_006763	woodcutting
poi_006947	agility
poi_006948	agility
poi_006949	agility
poi_006950	agility
poi_006951	agility
poi_006952	agility
poi_006953	agility
poi_006960	mining
poi_006961	woodcutting
poi_006962	woodcutting
poi_006963	woodcutting
poi_006964	woodcutting
poi_006965	woodcutting
poi_007027	fishing
poi_007028	fishing
poi_007029	fishing
poi_007030	fishing
poi_007031	fishing
poi_007032	fishing
poi_007033	fishing
poi_007034	fishing
poi_007035	fishing
poi_007036	fishing
poi_007037	fishing
poi_007038	fishing
poi_007039	fishing
poi_007040	fishing
poi_007041	fishing
poi_007042	fishing
poi_007043	fishing
poi_007044	fishing
poi_007045	fishing
poi_007046	fishing
poi_007047	fishing
poi_007048	fishing
poi_007049	fishing
poi_007050	fishing
poi_007051	fishing
poi_007052	fishing
poi_007053	fishing
poi_007054	fishing
poi_007055	fishing
poi_007056	fishing
poi_007057	fishing
poi_007058	fishing
poi_007059	fishing
poi_007060	fishing
poi_007061	fishing
poi_007062	fishing
poi_007063	fishing
poi_007064	fishing
poi_007065	fishing
poi_007066	fishing
poi_007067	fishing
poi_007068	fishing
poi_007069	fishing
poi_007070	fishing
poi_007071	fishing
poi_007072	fishing
poi_007073	fishing
poi_007074	fishing
poi_007075	fishing
poi_007076	fishing
poi_007077	fishing
poi_007078	fishing
poi_007079	fishing
poi_007080	fishing
poi_007081	fishing
poi_007082	fishing
poi_007083	fishing
poi_007084	fishing
poi_007085	fishing
poi_007086	fishing
poi_007087	fishing
poi_007088	fishing
poi_007089	fishing
poi_007090	fishing
poi_007091	fishing
poi_007092	fishing
poi_007093	fishing
poi_007094	fishing
poi_007095	fishing
poi_007096	fishing
poi_007097	fishing
poi_007098	fishing
poi_007099	fishing
poi_007100	fishing
poi_007101	fishing
poi_007102	fishing
poi_007103	fishing
poi_007104	fishing
poi_007105	fishing
poi_007106	fishing
poi_007107	fishing
poi_007108	fishing
poi_007109	fishing
poi_007110	fishing
poi_007111	fishing
poi_007112	fishing
poi_007113	fishing
poi_007114	fishing
poi_007115	fishing
poi_007116	fishing
poi_007117	fishing
poi_007118	fishing
poi_007119	fishing
poi_007120	fishing
poi_007121	fishing
poi_007122	fishing
poi_007123	fishing
poi_007124	fishing
poi_007125	fishing
poi_007126	fishing
poi_007127	fishing
poi_007128	fishing
poi_007129	fishing
poi_007130	fishing
poi_007131	fishing
poi_007132	fishing
poi_007133	fishing
poi_007134	fishing
poi_007135	fishing
poi_007136	fishing
poi_007137	fishing
poi_007138	fishing
poi_007139	fishing
poi_007140	fishing
poi_007141	fishing
poi_007142	fishing
poi_007143	fishing
poi_007144	fishing
poi_007145	fishing
poi_007146	fishing
poi_007147	fishing
poi_007148	fishing
poi_007149	fishing
poi_007150	fishing
poi_007151	fishing
poi_007152	fishing
poi_007153	fishing
poi_007154	fishing
poi_007155	fishing
poi_007156	fishing
poi_007157	fishing
poi_007158	fishing
poi_007159	fishing
poi_007160	fishing
poi_007161	fishing
poi_007162	fishing
poi_007163	fishing
poi_007164	fishing
poi_007165	fishing
poi_007166	fishing
poi_007167	fishing
poi_007168	fishing
poi_007169	mining
poi_007170	mining
poi_007171	mining
poi_007172	mining
poi_007173	mining
poi_007174	mining
poi_007175	mining
poi_007176	mining
poi_007177	mining
poi_007178	mining
poi_007179	mining
poi_007180	mining
poi_007181	mining
poi_007182	mining
poi_007183	mining
poi_007184	mining
poi_007185	mining
poi_007186	mining
poi_007187	mining
poi_007188	mining
poi_007189	mining
poi_007190	mining
poi_007191	mining
poi_007192	mining
poi_007193	mining
poi_007194	mining
poi_007195	mining
poi_007196	mining
poi_007197	mining
poi_007198	mining
poi_007199	mining
poi_007200	mining
poi_007201	mining
poi_007202	mining
poi_007203	mining
poi_007204	mining
poi_007205	mining
poi_007206	mining
poi_007207	mining
poi_007208	mining
poi_007209	mining
poi_007210	mining
poi_007211	mining
poi_007212	mining
poi_007213	mining
poi_007214	mining
poi_007215	mining
poi_007216	mining
poi_007217	mining
poi_007218	mining
poi_007219	mining
poi_007220	mining
poi_007221	mining
poi_007222	mining
poi_007223	mining
poi_007224	mining
poi_007225	mining
poi_007226	mining
poi_007227	mining
poi_007228	mining
poi_007229	mining
poi_007230	mining
poi_007231	mining
poi_007232	mining
poi_007233	mining
poi_007234	mining
poi_007235	mining
poi_007236	mining
poi_007237	mining
poi_007238	mining
poi_007239	mining
poi_007240	mining
poi_007241	mining
poi_007242	mining
poi_007243	mining
poi_007244	mining
poi_007245	mining
poi_007246	mining
poi_007247	mining
poi_007248	mining
poi_007249	mining
poi_007250	mining
poi_007251	mining
poi_007252	mining
poi_007253	mining
poi_007254	mining
poi_007255	mining
poi_007256	mining
poi_007257	mining
poi_007258	mining
poi_007259	mining
poi_007260	mining
poi_007261	mining
poi_007262	mining
poi_007263	mining
poi_007264	mining
poi_007265	mining
poi_007266	mining
poi_007267	mining
poi_007268	mining
poi_007269	mining
poi_007270	mining
poi_007271	mining
poi_007272	mining
poi_007273	mining
poi_007274	mining
poi_007275	mining
poi_007276	mining
poi_007277	mining
poi_007278	mining
poi_007279	mining
poi_007280	mining
poi_007281	mining
poi_007282	mining
poi_007283	mining
poi_007284	mining
poi_007285	mining
poi_007286	mining
poi_007287	mining
poi_007288	mining
poi_007289	mining
poi_007290	mining
poi_007291	mining
poi_007292	mining
poi_007293	mining
poi_007294	mining
poi_007295	mining
poi_007296	mining
poi_007297	mining
poi_007298	mining
poi_007299	mining
poi_007300	mining
poi_007301	mining
poi_007302	mining
poi_007303	mining
poi_007304	mining
poi_007305	mining
poi_007306	mining
poi_007307	mining
poi_007719	mining
poi_007720	mining
poi_007721	mining
poi_007722	mining
poi_007723	mining
poi_007724	woodcutting
poi_007725	woodcutting
poi_007726	woodcutting
poi_007727	woodcutting
poi_007728	woodcutting
poi_007729	woodcutting
poi_007730	fishing
poi_007731	fishing
poi_007732	fishing
poi_007733	fishing
poi_007734	fishing
poi_007735	fishing
poi_007736	fishing
poi_007737	fishing
poi_007738	fishing
poi_007739	fishing
poi_007740	fishing
poi_007741	fishing
poi_007742	fishing
poi_007743	fishing
poi_007744	fishing
poi_007745	fishing
poi_007746	fishing
poi_007747	fishing
poi_007748	fishing
poi_007749	fishing
poi_007750	fishing
poi_007751	fishing
poi_007752	fishing
poi_007753	fishing
poi_007754	fishing
poi_007755	fishing
poi_007756	fishing
poi_007757	fishing
poi_007758	fishing
poi_007759	fishing
poi_007760	fishing
poi_007761	fishing
poi_007762	fishing
poi_007763	fishing
poi_007764	fishing
poi_007765	fishing
poi_007766	fishing
poi_007767	fishing
poi_007768	fishing
poi_007769	fishing
poi_007770	fishing
poi_007771	fishing
poi_007772	fishing
poi_007773	fishing
poi_007774	fishing
poi_007775	fishing
poi_007776	fishing
poi_007777	fishing
poi_007778	fishing
poi_007779	fishing
poi_007780	fishing
poi_007781	fishing
poi_007782	fishing
poi_007783	fishing
poi_007784	fishing
poi_007785	fishing
poi_007786	fishing
poi_007787	fishing
poi_007788	fishing
poi_007789	fishing
poi_007790	fishing
poi_007791	fishing
poi_007792	fishing
poi_007793	fishing
poi_007794	fishing
poi_007795	fishing
poi_007796	fishing
poi_007797	fishing
poi_007798	fishing
poi_007799	fishing
poi_007800	fishing
poi_007801	fishing
poi_007802	fishing
poi_007803	fishing
poi_007804	fishing
poi_007805	fishing
poi_007806	fishing
poi_007807	fishing
poi_007808	fishing
poi_007868	sailing
poi_007869	sailing
poi_007870	sailing
poi_007871	sailing
poi_007872	sailing
poi_007873	sailing
poi_007874	sailing
poi_007875	sailing
poi_007876	sailing
poi_007877	sailing
poi_007878	sailing
poi_007879	sailing
poi_007880	sailing
poi_007881	sailing
poi_007882	sailing
poi_007883	sailing
poi_007884	sailing
poi_007885	sailing
poi_007886	sailing
poi_007887	sailing
poi_007888	sailing
poi_007889	sailing
poi_007890	sailing
poi_007891	sailing
poi_007892	sailing
poi_007893	sailing
poi_007894	sailing
poi_007895	sailing
poi_007896	sailing
poi_007897	sailing
poi_007898	sailing
poi_007899	sailing
poi_007900	sailing
poi_007901	sailing
poi_007902	sailing
poi_007903	sailing
poi_007904	sailing
poi_007905	sailing
poi_007906	sailing
poi_007907	sailing
poi_007908	sailing
poi_007909	sailing
poi_007910	sailing
poi_007911	sailing
poi_007912	sailing
poi_007913	sailing
poi_007914	sailing
poi_007915	sailing
poi_007916	sailing
poi_007917	sailing
poi_007918	sailing
poi_007919	sailing
poi_007920	sailing
poi_007921	sailing
poi_007922	sailing
poi_007923	sailing
poi_007924	sailing
poi_007925	sailing
poi_007926	sailing
poi_007927	sailing
deepfin_point	sailing
deepfin_mine	mining
grimstone_island	sailing
