# Better Map dungeon floor hover points — on composed footprints, not stacked on the entrance chip
# zoneId	name	plane	worldX	worldY	optionalLayerId
yanille_agility_dungeon	Yanille Agility Dungeon (upper level)	0	2591	3066	1201
yanille_agility_dungeon	Yanille Agility Dungeon (lower level)	0	2610	3135	1372
dorgesh_kaan	Dorgesh-Kaan (Lower level)	0	3326	3096	1052
dorgesh_kaan	Dorgesh-Kaan (Middle level)	1	3326	3107	1053
dorgesh_kaan	Dorgesh-Kaan (Upper level)	2	3326	3118	1373
dorgesh_kaan_south	Dorgesh-Kaan South Dungeon	0	3290	3075
dorgesh_kaan_south	Dorgesh-Kaan South Dungeon (upper)	3	3322	3059
zanaris	Zanaris	0	3221	3157
zanaris	Zanaris (upper)	1	3254	3182
stronghold_of_security	Vault of War	0	3145	3415	1271
stronghold_of_security	Catacomb of Famine	0	3145	3398	1358
stronghold_of_security	Pit of Pestilence	0	3145	3381	1359
stronghold_of_security	Sepulchre of Death	0	3145	3364	1360
chasm_of_tears	Tears of Guthix	2	3215	3141
ancient_cavern	Ancient Cavern (lower)	0	2504	3490
ancient_cavern	Ancient Cavern (upper)	1	2512	3486
underground_pass	Underground Pass (1)	0	2406	3265	1377
underground_pass	Underground Pass (2)	0	2406	3255	1376
underground_pass	Underground Pass (3)	0	2406	3244	1378
underground_pass	Underground Pass (4 - Soulless Pit)	0	2406	3234	1379
underground_pass	Underground Pass (5 - Iban's Lair)	1	2406	3223	1380
underground_pass	Underground Pass (6 - Well of Voyage)	0	2406	3211	1179
waterbirth_dungeon	Waterbirth Island Dungeon (upper)	0	2544	3741	1195
waterbirth_dungeon	Dagannoth Kings Lair	0	2544	3770	1389
karuulm_slayer_dungeon	Karuulm Slayer Dungeon (Wyrms)	0	1311	3807	1090
karuulm_slayer_dungeon	Karuulm Slayer Dungeon (Hydras)	0	1311	3825	1090
mining_guild	Mining Guild (ground)	0	3019	3339	1361
mining_guild	Mining Guild (Amethyst Mine)	0	3030	3360	1361
brimhaven_dungeon	Brimhaven Dungeon (Metal Dragons)	0	2739	3180	1016
brimhaven_dungeon	Brimhaven Dungeon (Red Dragons)	0	2739	3169	1016
taverley_dungeon	Taverley Dungeon (Main level)	0	2884	3397	1162
taverley_dungeon	Cerberus Lair	0	2870	3420	1162
cam_torum	Cam Torum (City level)	1	1435	3145	1020
neypotzli	Neypotzli (Moons of Peril)	0	1439	3279	1126
haunted_mine	Haunted Mine (upper level)	0	3439	3232	227
haunted_mine	Haunted Mine (Treus Dayth chamber)	0	3430	3240	227
morytania_spider_cave	Morytania Spider Cave	0	3666	3419	1256
morytania_spider_cave	Araxxor's Lair	0	3648	3419	1222
shade_catacombs	Shade Catacombs	0	3522	3292	1266
vetions_rest	Vet'ion's Rest	0	3295	3802	1280
keldagrim	Keldagrim (Grand Exchange)	0	2821	3736	1092
keldagrim	Keldagrim (Palace)	1	2821	3722	1092
sisterhood_sanctuary	Sisterhood Sanctuary (crypt)	1	3727	3300
sisterhood_sanctuary	The Nightmare of Ashihama (lair)	0	3727	3870
jormungands_prison	Jormungand's Prison	0	2465	4010
ghorrock_dungeon	Ghorrock Dungeon	0	2847	4043	1400
ape_atoll_dungeon	Ape Atoll (upper / gorillas)	1	2661	2769
ape_atoll_dungeon	Ape Atoll (lower tunnels)	0	2661	2780
mos_le_harmless_cave	Mos Le'Harmless (cave horrors)	0	3752	2949
mos_le_harmless_cave	Mos Le'Harmless (eastern caverns)	0	3857	2962
poison_waste_dungeon	Poison Waste Sewer (main level)	1	2321	3117
poison_waste_dungeon	Poison Waste Sewer (lower level)	0	2321	3108
ape_atoll_dungeon	Ape Atoll (Maniacal Monkeys)	1	2661	2758
ape_atoll_dungeon	Ape Atoll (Kruk catwalks)	2	2670	2820
tonali_cavern	Tonali Cavern	0	1309	3104	1301
dragon_nest	Dragon Nest	0	1264	3103	1303
troll_stronghold	Troll Stronghold (Entrance & Kitchen)	0	2839	3690	1172
troll_stronghold	Troll Stronghold (Prison & Roof)	1	2831	3677	1172
troll_stronghold	Troll Stronghold (God Wars Pass)	0	2827	3647	1172
god_wars_dungeon	God Wars Dungeon (main floor)	2	2917	3747	1069
god_wars_dungeon	God Wars Dungeon (Saradomin)	0	2943	3702	1388
abyss	The Abyss	0	3105	3558	1275
abyss	Abyssal Nexus	0	3172	3501	1390
god_wars_dungeon	God Wars Dungeon (Nex)	0	2960	3640	1391
ghorrock_dungeon	Phantom Muspah	0	2865	4073	1392
ghorrock_dungeon	Duke Sucellus	0	2847	4048	1393
abyss	The Scar (Leviathan)	0	3105	3567	1394
taverley_dungeon	Taverley Dungeon	0	2884	3398	1162
taverley_dungeon	Cerberus Lair	0	2850	3415	1399
catacombs_of_kourend	Catacombs of Kourend	0	1636	3673	1021
catacombs_of_kourend	Skotizo Arena	0	1636	3678	1398
scorpia_cave	Scorpia Cave	0	3233	3941	1395
silk_chasm	Silk Chasm	2	3320	3798	1397
champions_guild_basement	Champions' Guild Basement	0	3188	3355	1225
varrock_museum_basement	Varrock Museum basement (lower)	0	3256	3448	1191
varrock_museum_basement	Varrock Museum basement (higher)	0	3256	3460	1402
water_mill_cellar	Water mill cellar	0	3230	3286	1404
varrock_rat_pits	Varrock Rat Pits	0	3262	3401	1405
vtam_corporation	VTAM Corporation	0	3243	3383	1403
sorceress_garden	Sorceress's Garden	0	3320	3141	1406
crash_site_cavern	Crash Site Cavern	0	2465	3570	1028
library_historical_archive	Library Historical Archive	0	1624	3808	1102
brine_rat_cavern	Brine Rat Cavern	0	2748	3736	1017
monkey_madness_hangar	Military Glider Hangar (post-quest)	0	2396	3504	1119
keldagrim	Blast Furnace	0	2839	3790	1401
sisterhood_sanctuary	The Nightmare of Ashihama (arena)	0	3791	3356	1259
fenkenstrain_dungeon	Experiment Cave	0	3575	3526	1327
camdozaal	Ruins of Camdozaal	0	2998	3493	1147
camdozaal	Lassar Undercity / The Whisperer	0	3072	3425	1249
camdozaal	The Whisperer (Shadow Realm)	0	3072	3419	1407
barbarian_assault	Barbarian Assault waiting rooms	0	2533	3573	1408
barbarian_assault	Barbarian Assault arena	0	2535	3582	1009
barbarian_assault	Barbarian Assault Queen	0	2533	3580	1409
lithkren_vault	Lithkren Vault (upper)	0	3555	4002	1104
lithkren_vault	Lithkren Vault (Dragon Forge)	0	3560	4076	1322
underground_pass	Ruins of Tapoyauki	0	1624	3223	1020
alchemical_society	Mastering Mixology	0	1389	2918	1220
ghorrock_dungeon	Phantom Muspah (instance)	0	2865	4073	1410
farming_guild_seed_vault	Farming Guild Seed Vault	0	1247	3740	1411
lumbridge_cellar	Lumbridge Castle Cellar	0	3218	3218	1110
lumbridge_cellar	Recipe for Disaster room	0	3218	3220	1412
artios_lair	Hunter's End (Artio)	0	3115	3675	1413
spindels_lair	Web Chasm (Spindel)	2	3182	3745	1414
charred_dungeon	Charred Dungeon	0	2668	2404	1226
desert_mining_camp_dungeon	Desert Mining Camp Dungeon	0	3288	3021	1229
ham_hideout	H.A.M. Hideout	0	3165	3252	1072
ham_hideout	H.A.M. Store Room	0	3165	3245	1417
ardougne_underground	Ardougne Sewers	0	2570	3250	1006
ardougne_underground	Plague City / West Sewers	0	2554	3319	1418
hallowed_sepulchre	Hallowed Sepulchre entrance	0	3655	3386	1415
hallowed_sepulchre	Hallowed Sepulchre (Floor 1)	2	3655	3386	1416
hallowed_sepulchre	Hallowed Sepulchre (Floor 5)	0	3655	3386	1074
polar_eagle_lair	Polar Eagle Lair	0	2743	3831	1133
rantzs_cave	Rantz's Cave	0	2630	2980	1349
harmony_island_basement	Harmony Island Basement	0	3785	2825	1075
penguin_base	KGP Headquarters	0	2681	4000	1337
tunnel_of_chaos	Tunnel of Chaos	0	3284	3469	1173
ungael_laboratory	Ungael Laboratory	0	2310	4081	1180
genie_cave	Genie Cave	0	3374	2905	1236
black_knight_catacombs	Black Knight Catacombs	1	3020	3514	1419
draynor_manor_basement	Ernest the Chicken basement	0	3092	3361	1231
draynor_manor_basement	Draynor Manor Crypt	0	3115	3356	1420
corporeal_beast	Corporeal Beast Lair	2	3202	3681	1022
corporeal_beast	Corporeal Beast entry cavern	2	3228	3681	1421
jaldraocht_pyramid	Jaldraocht Pyramid upper chamber	3	3233	2898	1422
smoke_devil_dungeon	Smoke Devil Dungeon	0	2412	3061	1269
