# zone id	entrance index	world x	world y
lumbridge_cellar	0	3209	3218
brimhaven_dungeon	0	2737	3151
ancient_cavern	0	2510	3511
underground_pass	1	2315	3217
dorgesh_kaan	0	3262	3188
dorgesh_kaan_south	0	3290	3077
prifddinas_grand_library	0	2272	3341
prifddinas_underground	0	2211	3303
dragon_nest	0	1285	3130
fortis_barracks	0	1641	3166
kalphite_lair	0	3226	3112
kalphite_cave	0	3322	3123
mos_le_harmless_cave	0	3747	2973
mos_le_harmless_cave	2	3830	3060
paterdomus_basement	1	3420	3480
chasm_of_tears	0	3187	3124
haunted_mine	0	3453	3244
barrows_crypts	0	3565	3290
meiyerditch_laboratories	0	3643	3308
nature_grotto	0	3441	3338
poison_waste_dungeon	0	2321	3100
hunter_guild	0	1558	3048
hunter_guild	1	1535	3047
lithkren_vault	0	3559	4010
river_elid_dungeon	1	3367	3134
port_sarim_rat_pits	0	3017	3232
port_sarim_rat_pits	1	3028	3226
