# Native selector baseline; complete native composites.
native_ancient_cavern	Ancient Cavern	2447	3447	2575	3575	native_ancient_cavern,native_ancient_cavern__ancient_cavern	2519	3519
native_ardougne_underground	Ardougne Underground	2506	3193	2762	3449	native_ardougne_underground,native_ardougne_underground__ardougne_underground,native_ardougne_underground__chaos_druid_tower,native_ardougne_underground__clock_tower_dungeon,native_ardougne_underground__goblin_cave,native_ardougne_underground__legends_guild_dungeon	2642	3329
native_asgarnia_ice_dungeon	Asgarnia Ice Cave	2835	3176	3107	3304	native_asgarnia_ice_dungeon,native_asgarnia_ice_dungeon__asgarnia_ice_cave,native_asgarnia_ice_dungeon__karamja_dungeon,native_asgarnia_ice_dungeon__melzars_maze_basement,native_asgarnia_ice_dungeon__port_sarim_rat_pits	2979	3248
native_braindeath_island	Braindeath Island	3648	3466	3712	3594	native_braindeath_island	3688	3538
native_dorgeshkaan	Dorgesh-Kaan	3134	3087	3326	3343	native_dorgeshkaan,native_dorgeshkaan__dorgesh_kaan	3238	3223
native_dwarven_mines	Dwarven Mines	2896	3289	3168	3481	native_dwarven_mines,native_dwarven_mines__mining_guild,native_dwarven_mines__taverley_dungeon	3040	3393
native_godwars	God Wars Dungeon	2837	3635	2997	3859	native_godwars,native_godwars__god_wars_dungeon	2925	3755
native_keldagrim	Keldagrim	2664	3631	2792	3799	native_keldagrim,native_keldagrim__keldagrim	2736	3723
native_misthalin_underground	Misthalin Underground	3043	3027	3299	3563	native_misthalin_underground,native_misthalin_underground__asgarnia_ice_cave,native_misthalin_underground__champions_guild_basement,native_misthalin_underground__chasm_of_tears,native_misthalin_underground__draynor_manor_basement,native_misthalin_underground__draynor_sewers,native_misthalin_underground__ham_hideout,native_misthalin_underground__lumbridge_cellar,native_misthalin_underground__lumbridge_swamp_caves,native_misthalin_underground__sourhog_cave,native_misthalin_underground__varrock_sewers,native_misthalin_underground__vtam_corporation,native_misthalin_underground__water_mill_cellar,native_misthalin_underground__wizards_tower_basement	3179	3303
native_mole	Mole Hole	2953	3323	3017	3451	native_mole,native_mole__mole_hole	2993	3395
native_morytania_underground	Morytania Underground	3312	3221	3840	3645	native_morytania_underground,native_morytania_underground__ectofuntus_dungeon,native_morytania_underground__fenkenstrain_dungeon,native_morytania_underground__haunted_mine,native_morytania_underground__meiyerditch_laboratories,native_morytania_underground__morytania_spider_cave,native_morytania_underground__myreque_hideout,native_morytania_underground__paterdomus_basement,native_morytania_underground__shade_catacombs,native_morytania_underground__sisterhood_sanctuary,native_morytania_underground__werewolf_agility_course	3584	3441
native_mosleharmless_cave	Mos Le'Harmless Cave	3685	2909	3813	3037	native_mosleharmless_cave,native_mosleharmless_cave__mos_le_harmless_cave	3757	2981
native_ourania	Ourania Altar	2419	3199	2483	3263	native_ourania,native_ourania__ourania_altar	2459	3239
native_slayer_cave	Fremennik Slayer Cave	2732	3551	2860	3679	native_slayer_cave,native_slayer_cave__fremennik_slayer_dungeon	2804	3623
native_sos	Stronghold of Security	3001	3244	3161	3596	native_sos,native_sos__stronghold_of_security	3089	3428
native_stronghold_underground	Stronghold Underground	2257	3339	2529	3635	native_stronghold_underground,native_stronghold_underground__brimstail_cave,native_stronghold_underground__grand_tree_tunnels,native_stronghold_underground__kraken_cove,native_stronghold_underground__stronghold_slayer_dungeon	2401	3495
native_taverley_underground	Taverley Underground	2697	3246	3049	3654	native_taverley_underground,native_taverley_underground__entrana_dungeon,native_taverley_underground__heroes_guild_mine,native_taverley_underground__ice_queen_lair,native_taverley_underground__mining_guild,native_taverley_underground__taverley_dungeon,native_taverley_underground__warriors_guild_basement,native_taverley_underground__white_knights_castle_crypt,native_taverley_underground__white_wolf_tunnel	2881	3458
native_tolna	Tolna's Rift	3277	3418	3341	3482	native_tolna	3317	3458
native_troll_stronghold	Troll Stronghold	2743	3626	2935	3754	native_troll_stronghold,native_troll_stronghold__keldagrim	2847	3698
native_tzhaar_area	Mor Ul Rek	2764	3074	2956	3266	native_tzhaar_area,native_tzhaar_area__tzhaar_city	2868	3178
native_undead_dungeon	Lair of Tarn Razorlor	3311	3184	3567	3280	native_undead_dungeon	3447	3240
native_waterbirth	Waterbirth Dungeon	2393	3487	2697	4023	native_waterbirth,native_waterbirth__waterbirth_dungeon	2553	3763
native_wilderness_dungeons	Wilderness Dungeons	2834	3655	3362	3983	native_wilderness_dungeons,native_wilderness_dungeons__corporeal_beast,native_wilderness_dungeons__deep_wilderness_dungeon,native_wilderness_dungeons__king_black_dragon_lair,native_wilderness_dungeons__lava_maze_dungeon,native_wilderness_dungeons__mage_arena_bank,native_wilderness_dungeons__revenant_caves,native_wilderness_dungeons__scorpia_cave,native_wilderness_dungeons__silk_chasm,native_wilderness_dungeons__troll_stronghold,native_wilderness_dungeons__web_chasm,native_wilderness_dungeons__wilderness_god_wars_dungeon,native_wilderness_dungeons__wilderness_slayer_cave	3106	3827
native_yanille_underground	Yanille Underground	2357	3025	2693	3153	native_yanille_underground,native_yanille_underground__smoke_devil_dungeon,native_yanille_underground__wizards_guild_basement,native_yanille_underground__yanille_agility_dungeon	2533	3097
native_zanaris	Zanaris	3137	3105	3265	3233	native_zanaris,native_zanaris__zanaris	3209	3177
native_prifddinas	Prifddinas	2112	3147	2368	3403	native_prifddinas	2248	3283
native_fossil_underground	Fossil Island Underground	3504	3758	3856	3950	native_fossil_underground,native_fossil_underground__fossil_island_underground	3688	3862
native_feldip_underground	Feldip Hills Underground	2376	2823	2632	2959	native_feldip_underground,native_feldip_underground__corsair_cove_dungeon,native_feldip_underground__red_chinchompa_hunting_ground	2512	2899
native_kourend_underground	Kourend Underground	1279	3403	1919	3787	native_kourend_underground,native_kourend_underground__catacombs_of_kourend,native_kourend_underground__chasm_of_fire,native_kourend_underground__crabclaw_caves,native_kourend_underground__forthos_dungeon,native_kourend_underground__giants_den,native_kourend_underground__the_warrens,native_kourend_underground__woodcutting_guild_dungeon	1607	3603
native_kebos_underground	Kebos Underground	1150	3536	1446	3936	native_kebos_underground,native_kebos_underground__farming_guild_seed_vault,native_kebos_underground__hespori_cave,native_kebos_underground__karuulm_slayer_dungeon,native_kebos_underground__lizardman_caves	1306	3744
native_prifddinas_underground	Prifddinas Underground	2115	3223	2307	3383	native_prifddinas_underground,native_prifddinas_underground__prifddinas_underground	2219	3311
native_grand_library	Prifddinas Grand Library	2016	3277	2528	3405	native_grand_library	2280	3349
native_br_default	LMS Desert Island	3081	3566	3209	3694	native_br_default	3153	3638
native_br_dark_varrock	LMS Wild Varrock	3059	3544	3251	3736	native_br_dark_varrock	3163	3648
native_camdozaal	Ruins of Camdozaal	2902	3429	3094	3557	native_camdozaal,native_camdozaal__camdozaal	3006	3501
native_the_abyss	The Abyss	3009	3462	3201	3654	native_the_abyss,native_the_abyss__abyss	3113	3566
native_desert_underground	Kharidian Desert Underground	3159	2823	3471	3223	native_desert_underground,native_desert_underground__kalphite_cave,native_desert_underground__kalphite_lair,native_desert_underground__tombs_of_amascut	3323	3031
native_varlamore_underground	Varlamore Underground	1199	2883	1775	3395	native_varlamore_underground,native_varlamore_underground__alchemical_society,native_varlamore_underground__cam_torum,native_varlamore_underground__dragon_nest,native_varlamore_underground__fortis_barracks,native_varlamore_underground__fortis_colosseum,native_varlamore_underground__stalker_den	1495	3147
native_cam_torum	Cam Torum	1359	3060	1511	3196	native_cam_torum,native_cam_torum__cam_torum	1443	3136
native_neypotzli	Neypotzli	1339	2996	1531	3260	native_neypotzli,native_neypotzli__cam_torum,native_neypotzli__neypotzli	1443	3136
native_ardent_ocean_underground	Ardent Ocean Underground	2582	2953	3134	3273	native_ardent_ocean_underground,native_ardent_ocean_underground__asgarnia_ice_cave,native_ardent_ocean_underground__brimhaven_dungeon,native_ardent_ocean_underground__jogre_dungeon,native_ardent_ocean_underground__karamja_dungeon,native_ardent_ocean_underground__pandemonium_cave,native_ardent_ocean_underground__shilo_village_gem_mine	2866	3121
native_unquiet_ocean_underground	Unquiet Ocean Underground	2548	2239	3188	2559	native_unquiet_ocean_underground,native_unquiet_ocean_underground__charred_dungeon,native_unquiet_ocean_underground__gryphon_cave,native_unquiet_ocean_underground__shellbane_gryphon_cave,native_unquiet_ocean_underground__wyrmscraig_cavern	2876	2407
native_shrouded_ocean_underground	Shrouded Ocean Underground	1949	2476	2333	2860	native_shrouded_ocean_underground,native_shrouded_ocean_underground__deepfin_mine,native_shrouded_ocean_underground__isle_of_souls_dungeon,native_shrouded_ocean_underground__sunbleak_cave	2149	2676
native_sunset_ocean_underground	Sunset Ocean Underground	1171	2701	1235	2765	native_sunset_ocean_underground,native_sunset_ocean_underground__kurask_lair	1211	2741
native_western_ocean_underground	Western Ocean Underground	1931	3099	2251	3483	native_western_ocean_underground,native_western_ocean_underground__here_be_minotaurs,native_western_ocean_underground__ynysdail_cavern	2099	3299
native_northern_ocean_underground	Northern Ocean Underground	2250	3846	3082	4102	native_northern_ocean_underground,native_northern_ocean_underground__ghorrock_dungeon,native_northern_ocean_underground__jormungands_prison,native_northern_ocean_underground__miscellania_underground,native_northern_ocean_underground__penguin_base,native_northern_ocean_underground__weiss_salt_mine	2674	3982
