# id	name	level	x	y	plane	sprite
0	Port Sarim	1	3050	3192	0	7115
1	The Pandemonium	1	3069	2986	0	7116
2	Land's End	5	1506	3402	0	7117
3	Musa Point	10	2960	3147	0	7118
4	Hosidius	5	1726	3452	0	7119
5	Rimmington	18	2905	3226	0	7120
6	Catherby	20	2796	3412	0	7121
7	Port Piscarillius	15	1845	3687	0	7122
8	Brimhaven	25	2757	3229	0	7123
9	Ardougne	28	2671	3265	0	7124
10	Port Khazard	30	2685	3161	0	7125
11	Witchaven	34	2746	3304	0	7126
12	Entrana	36	2878	3335	0	7127
13	Civitas illa Fortis	38	1774	3141	0	7128
14	Corsair Cove	40	2579	2843	0	7129
15	Cairn Isle	42	2749	2951	0	7130
16	Sunset Coast	44	1511	2975	0	7131
17	The Summer Shore	45	3174	2367	0	7132
18	Aldarin	46	1452	2970	0	7133
19	Ruins of Unkah	48	3143	2824	0	7134
20	Void Knights' Outpost	50	2651	2678	0	7135
21	Port Roberts	50	1860	3306	0	7136
22	Red Rock	52	2752	2496	0	7137
23	Rellekka	62	2630	3705	0	7138
24	Etceteria	65	2611	3840	0	7139
25	Port Tyras	66	2144	3120	0	7140
26	Deepfin Point	67	1923	2758	0	7141
27	Jatizso	68	2412	3780	0	7142
28	Neitiznot	68	2308	3783	0	7143
29	Prifddinas	70	2158	3324	0	7144
30	Piscatoris	75	2303	3690	0	7145
31	Lunar Isle	76	2151	3880	0	7146
32	Isle of Souls	55	2282	2823	0	7147
33	Waterbirth Island	74	2543	3765	0	7148
34	Weiss	80	2860	3972	0	7149
35	Dognose Island	40	3061	2639	0	7150
36	Remote Island	45	2971	2603	0	7151
37	The Little Pearl	45	3354	2216	0	7152
38	The Onyx Crest	47	2997	2288	0	7153
39	Last Light	52	2850	2331	0	7154
40	Charred Island	60	2660	2395	0	7155
41	Vatrachos Island	46	1872	2985	0	7156
42	Anglers' Retreat	51	2467	2721	0	7157
43	Minotaurs' Rest	54	1958	3117	0	7158
44	Isle of Bones	56	2532	2531	0	7159
45	Tear of the Soul	61	2318	2774	0	7160
46	Wintumber Island	63	2058	2606	0	7161
47	The Crown Jewel	64	1765	2659	0	7162
48	Rainbow's End	69	2344	2270	0	7163
49	Sunbleak Island	72	2189	2327	0	7164
50	Shimmering Atoll	49	1557	2771	0	7165
51	Laguna Aurorae	58	1202	2733	0	7166
52	Chinchompa Island	42	1892	3429	0	7167
53	Lledrith Island	66	2097	3188	0	7168
54	Ynysdail	73	2222	3466	0	7169
55	Buccaneers' Haven	76	2080	3690	0	7170
56	Drumstick Isle	79	2150	3530	0	7171
57	Brittle Isle	81	1954	4056	0	7172
58	Grimstone	87	2927	4056	0	7173
