# port_id	name	x	y	plane	min_level	courier_tasks (| separated)	bounty_tasks (| separated)
0	Notice board — Port Sarim	3045	3205	0	1	→ Musa Point (Rum shipment)|→ Entrana (Timber & building supplies)|→ Port Khazard (Iron & steel ingots)|→ Catherby (Farming produce & seeds)|→ The Pandemonium (Training cargo)|→ Land's End (Colony supply crates)	Sea Serpents (Lvl 30)|Stray Corsair Pirates (Lvl 30)|Reef Sharks (Lvl 35)
1	Notice board — The Pandemonium	3065	2992	0	1	→ Port Sarim (Salvage & training cargo)|→ Musa Point (Navigational charts)|→ Catherby (Fresh catch delivery)|→ Ruins of Unkah (Desert expedition gear)|→ The Summer Shore (Tropical provisions)	Siren Scouts (Lvl 30)|Rogue Privateers (Lvl 32)|Sea Scorpions (Lvl 38)
6	Notice board — Catherby	2802	3422	0	20	→ Port Sarim (Fresh sea fish crates)|→ Port Khazard (Farming supplies)|→ Rellekka (Fishing tackle & nets)|→ East Ardougne (Flax & textiles)|→ Entrana (Herbal medicines)	Giant Squid Tentacles (Lvl 30)|Coastal Wyrms (Lvl 40)|Siren Sirens (Lvl 45)
10	Notice board — Port Khazard	2680	3168	0	30	→ Port Sarim (Khazard refined iron)|→ Brimhaven (Shipwright timber)|→ Catherby (Ardougne woven fabrics)|→ Void Outpost (Battlefield armaments)|→ Port Roberts (Quarry freight)	Khazard Privateers (Lvl 30)|Sea Horrors (Lvl 42)|Deepfin Raiders (Lvl 50)
7	Notice board — Port Piscarillius	1836	3694	0	15	→ Land's End (Piscarillius fresh fish)|→ Port Sarim (Kourend timber)|→ Hosidius (Salted fish casks)|→ Port Roberts (Charcoal cargo)|→ Civitas illa Fortis (Archaic relics)	Angler Fiends (Lvl 30)|Zombie Pirates (Lvl 36)|Abyssal Sirens (Lvl 48)
21	Notice board — Port Roberts	1866	3312	0	50	→ Sunset Coast (Quarry stone)|→ Port Piscarillius (Naval timber)|→ Port Khazard (Varlamore vintage)|→ Land's End (Grain supplies)|→ Civitas illa Fortis (Trade shipments)	Smuggler Skiffs (Lvl 50)|Sea Drakes (Lvl 54)|Coral Golems (Lvl 58)
25	Notice board — Port Tyras	2148	3128	0	66	→ Port Sarim (Catapult components)|→ Port Khazard (Elven timber)|→ Port Roberts (Sulphur casks)|→ Prifddinas (Tar & resin supplies)	Tyras Mutineers (Lvl 66)|Toxic Krakens (Lvl 68)|Sea Serpents (Lvl 70)
23	Notice board — Rellekka	2636	3712	0	62	→ Catherby (Fremennik furs & pelts)|→ Jatizso (Yak hide & cured meat)|→ Neitiznot (Refined metal ingots)|→ Waterbirth Island (Brewing kegs)|→ Weiss (Sea salt crates)	Sea Trolls (Lvl 62)|Frost Leviathans (Lvl 65)|Dagannoth Fledglings (Lvl 70)
2	Notice board — Land's End	1510	3408	0	5	→ Port Sarim (Kourend grain)|→ Port Piscarillius (Timber crates)|→ Port Roberts (Farm equipment)|→ Catherby (Wool bales)	
8	Notice board — Brimhaven	2764	3236	0	25	→ Port Khazard (Karamja rum & fruit)|→ East Ardougne (Tropical hardwoods)|→ Port Sarim (Gold ore shipments)|→ Catherby (Exotic spices)	Corsair Marauders (Lvl 30)|Jungle Krakens (Lvl 45)
13	Notice board — Civitas illa Fortis	1768	3146	0	38	→ Sunset Coast (Sun-blessed wine)|→ Aldarin (Colosseum rations)|→ Port Roberts (Fine pottery)|→ Port Sarim (Varlamore marble)	Varlamore Smugglers (Lvl 38)|Solar Rays (Lvl 42)|Coral Wyrms (Lvl 46)
16	Notice board — Sunset Coast	1516	2982	0	44	→ Civitas illa Fortis (Teak & mahogany logs)|→ Port Sarim (Cultured pearls)|→ Aldarin (Deep-sea tackle)|→ Port Roberts (Coastal provisions)	Sunbleak Marauders (Lvl 44)|Reef Wyrms (Lvl 48)|Corsair Raiders (Lvl 52)
18	Notice board — Aldarin	1458	2976	0	46	→ Civitas illa Fortis (Aldarin vintage)|→ Sunset Coast (Herbal medicine)|→ Port Khazard (Olive oil casks)|→ Port Roberts (Fine linen)	Aldarin Corsairs (Lvl 46)|Deepfin Scouts (Lvl 50)
20	Notice board — Void Knights' Outpost	2656	2684	0	50	→ Port Sarim (Pest trophy samples)|→ Port Khazard (Combat rations)|→ Land's End (Knight equipment)|→ Brimhaven (Medicinal herbs)	Pest Broodmothers (Lvl 50)|Sea Defilers (Lvl 54)
29	Notice board — Prifddinas	2164	3330	0	70	→ Port Tyras (Crystal glassware)|→ Catherby (Elven spun silk)|→ Port Sarim (Llydda timber)	Corrupted Sea Serpents (Lvl 70)|Crystal Krakens (Lvl 74)
27	Notice board — Jatizso	2416	3786	0	68	→ Rellekka (Jatizso raw ore)|→ Neitiznot (Smelted bronze & iron)|→ Etceteria (Ice sea cod)	Ice Trolls (Lvl 68)|Frost Drakes (Lvl 72)
28	Notice board — Neitiznot	2314	3788	0	68	→ Rellekka (Yak milk & cured hides)|→ Jatizso (Carved wood & tools)|→ Etceteria (Rope & sailcloth)	Sea Wolves (Lvl 68)|Arctic Krakens (Lvl 72)
24	Notice board — Etceteria	2616	3846	0	65	→ Rellekka (Royal coal shipments)|→ Catherby (Maple logs & syrup)|→ Jatizso (Salted fish barrels)	Corsair Deserters (Lvl 65)|Sea Scorpions (Lvl 68)
34	Notice board — Weiss	2855	3968	0	80	→ Rellekka (Basalt quarry blocks)|→ Port Sarim (Refined salt crystals)|→ Jatizso (Thick arctic pelts)	Frost Sirens (Lvl 80)|Ice Krakens (Lvl 82)
3	Notice board — Musa Point	2955	3153	0	10	→ Port Sarim (Karamja bananas & rum)|→ Brimhaven (Tropical timber)|→ Catherby (Fresh catch crates)	
12	Notice board — Entrana	2872	3340	0	36	→ Port Sarim (Blessed water & herbs)|→ Catherby (Monks' woven cloth)|→ Port Khazard (Pilgrim supplies)	Corrupted Sea Shades (Lvl 36)|Pirate Raiders (Lvl 38)
14	Notice board — Corsair Cove	2584	2849	0	40	→ Port Sarim (Spices & silks)|→ Port Khazard (Corsair timber)|→ Brimhaven (Smuggler rum)	Corsair Marauders (Lvl 40)|Reef Stalkers (Lvl 44)
32	Notice board — Isle of Souls	2288	2830	0	55	→ Port Khazard (Soul relics)|→ Land's End (Ancient stone)|→ Port Roberts (Archeology crates)	Soulfiend Corsairs (Lvl 55)|Phantom Galleons (Lvl 60)
30	Notice board — Piscatoris	2310	3695	0	75	→ Port Sarim (Fresh monkfish crates)|→ Catherby (Fishing nets & floats)|→ Port Khazard (Colony supplies)	Sea Terrors (Lvl 75)|Deep Kraken Spawn (Lvl 78)
31	Notice board — Lunar Isle	2145	3885	0	76	→ Rellekka (Astral rune essence)|→ Port Sarim (Dream vials & herbs)|→ Catherby (Moonclan fabrics)	Astral Corsairs (Lvl 76)|Dream Krakens (Lvl 80)
