# x	y	plane	key	name - generated by TilePrefetcher from the OSRS Wiki map data
1214	3559	0	dungeon	Dungeon
1185	3595	0	hunter_training	Hunter training
1212	3657	0	mining_site	Mining site
1210	3687	0	fishing_spot	Fishing spot
1200	3736	0	fishing_spot	Fishing spot
1209	3749	0	fishing_spot	Fishing spot
1251	3570	0	bank	Bank
1233	3573	0	dungeon	Dungeon
1254	3542	0	fishing_spot	Fishing spot
1266	3541	0	fishing_spot	Fishing spot
1272	3546	0	fishing_spot	Fishing spot
1254	3550	0	transportation	Transportation
1276	3559	0	transportation	Transportation
1261	3569	0	poll_booth	Poll booth
1223	3562	0	raids_lobby	Raids Lobby
1240	3548	0	raids_lobby	Raids Lobby
1246	3563	0	raids_lobby	Raids Lobby
1270	3707	0	fishing_spot	Fishing spot
1218	3688	0	rare_trees	Rare trees
1232	3704	0	rare_trees	Rare trees
1239	3677	0	water_source	Water source
1249	3703	0	water_source	Water source
1236	3679	0	cooking_range	Cooking range
1249	3760	0	bank	Bank
1253	3743	0	bank	Bank
1222	3714	0	fishing_spot	Fishing spot
1238	3770	0	rare_trees	Rare trees
1241	3731	0	water_source	Water source
1246	3743	0	water_source	Water source
1248	3729	0	water_source	Water source
1248	3754	0	water_source	Water source
1256	3731	0	water_source	Water source
1234	3754	0	farming_patch	Farming patch
1235	3736	0	farming_patch	Farming patch
1236	3724	0	farming_patch	Farming patch
1243	3755	0	farming_patch	Farming patch
1255	3753	0	farming_patch	Farming patch
1260	3729	0	farming_patch	Farming patch
1265	3745	0	farming_patch	Farming patch
1270	3730	0	farming_patch	Farming patch
1243	3740	0	farming_shop	Farming shop 
1251	3735	0	farming_shop	Farming shop 
1232	3729	0	dungeon_link	Dungeon with map link
1252	3739	0	poll_booth	Poll booth
1246	3734	0	garden_supplier	Garden supplier
1279	3814	0	mining_site	Mining site
1281	3563	0	water_source	Water source
1307	3574	0	dungeon_link	Dungeon with map link
1310	3621	0	altar	Altar
1282	3678	0	altar	Altar
1292	3657	0	dungeon_link	Dungeon with map link
1312	3686	0	dungeon_link	Dungeon with map link
1314	3663	0	dungeon_link	Dungeon with map link
1330	3669	0	dungeon_link	Dungeon with map link
1294	3756	0	rare_trees	Rare trees
1300	3721	0	water_source	Water source
1304	3762	0	transportation	Transportation
1305	3719	0	dairy_cow	Dairy cow
1296	3796	0	axe_shop	Axe shop
1322	3825	0	bank	Bank
1325	3808	0	furnace	Furnace
1309	3784	0	slayer_master	Slayer Master
1309	3807	0	dungeon_link	Dungeon with map link
1323	3791	0	agility_short-cut	Agility short-cut
1325	3782	0	agility_short-cut	Agility short-cut
1326	3823	0	poll_booth	Poll booth
1401	3538	0	transportation	Transportation
1371	3632	0	fishing_spot	Fishing spot
1344	3646	0	transportation	Transportation
1369	3641	0	transportation	Transportation
1406	3612	0	transportation	Transportation
1364	3632	0	hunter_training	Hunter training
1384	3663	0	transportation	Transportation
1402	3755	0	anvil	Anvil
1354	3731	0	rare_trees	Rare trees
1348	3743	0	water_source	Water source
1376	3748	0	water_source	Water source
1385	3829	0	furnace	Furnace
1382	3825	0	dungeon	Dungeon
1374	3821	0	rare_trees	Rare trees
1390	3821	0	rare_trees	Rare trees
1453	3659	0	transportation	Transportation
1433	3670	0	dungeon_link	Dungeon with map link
1456	3693	0	kourend_task	Kourend task
1454	3750	0	kourend_task	Kourend task
1461	3763	0	kourend_task	Kourend task
1437	3820	0	bank	Bank
1446	3788	0	water_source	Water source
1431	3797	0	kourend_task	Kourend task
1437	3784	0	kourend_task	Kourend task
1455	3861	0	bank	Bank
1428	3870	0	mining_site	Mining site
1446	3870	0	mining_site	Mining site
1450	3856	0	mining_shop	Mining shop
1438	3861	0	kourend_task	Kourend task
1513	3421	0	bank	Bank
1485	3432	0	fishing_spot	Fishing spot
1535	3414	0	fishing_spot	Fishing spot
1530	3452	0	rare_trees	Rare trees
1502	3426	0	water_source	Water source
1504	3398	0	transportation	Transportation
1508	3423	0	poll_booth	Poll booth
1482	3504	0	hunter_training	Hunter training
1513	3478	0	hunter_training	Hunter training
1483	3549	0	dungeon_link	Shayzien Crypts
1504	3612	0	bank	Bank
1515	3596	0	clothes_shop	Clothes shop
1482	3615	0	poll_booth	Poll booth
1512	3631	0	quest_start	Quest start
1472	3686	0	kourend_task	Kourend task
1527	3743	0	bank	Bank
1507	3774	0	furnace	Furnace
1512	3753	0	water_source	Water source
1525	3721	0	transportation	Transportation
1518	3735	0	poll_booth	Poll booth
1525	3755	0	kourend_task	Kourend task
1483	3748	0	quest_start	Quest start
1477	3779	0	mining_site	Mining site
1504	3812	0	furnace	Furnace
1529	3826	0	anvil	Anvil
1518	3834	0	mining_shop	Mining shop
1475	3878	0	bank	Bank
1478	3849	0	bank	Bank
1495	3874	0	bank	Bank
1504	3856	0	bank	Bank
1472	3865	0	mining_site	Mining site
1486	3882	0	mining_site	Mining site
1503	3869	0	mining_site	Mining site
1489	3865	0	kourend_task	Kourend task
1592	3421	0	rare_trees	Rare trees
1557	3436	0	hunter_training	Hunter training
1589	3475	0	bank	Bank
1570	3483	0	rare_trees	Rare trees
1570	3493	0	rare_trees	Rare trees
1579	3488	0	rare_trees	Rare trees
1584	3499	0	rare_trees	Rare trees
1594	3491	0	rare_trees	Rare trees
1570	3483	0	rare_trees	Rare trees
1570	3493	0	rare_trees	Rare trees
1570	3483	0	rare_trees	Rare trees
1570	3493	0	rare_trees	Rare trees
1593	3480	0	poll_booth	Poll booth
1585	3566	0	fishing_spot	Fishing spot
1573	3581	0	kourend_task	Kourend task
1550	3636	0	general_store	General store
1550	3625	0	sword_shop	Sword shop
1539	3634	0	shield_shop	Shield shop
1561	3636	0	rare_trees	Rare trees
1587	3622	0	transportation	Transportation
1540	3589	0	kourend_task	Kourend task
1566	3605	0	kourend_task	Kourend task
1587	3650	0	mining_site	Mining site
1598	3653	0	mining_site	Mining site
1596	3664	0	anvil	Anvil
1571	3668	0	kourend_task	Kourend task
1553	3721	0	general_store	General store
1570	3763	0	bar	Pub/bar
1559	3731	0	water_source	Water source
1565	3717	0	water_source	Water source
1549	3808	0	altar	Altar
1544	3783	0	water_source	Water source
1555	3779	0	water_source	Water source
1611	3443	0	rare_trees	Rare trees
1644	3449	0	dungeon_link	Dungeon with map link
1653	3500	0	axe_shop	Axe shop
1614	3514	0	altar	Altar
1614	3494	0	rare_trees	Rare trees
1624	3512	0	rare_trees	Rare trees
1633	3509	0	rare_trees	Rare trees
1641	3496	0	rare_trees	Rare trees
1648	3510	0	rare_trees	Rare trees
1604	3508	0	dungeon_link	Dungeon with map link
1621	3500	0	sawmill	Sawmill
1647	3558	0	fishing_spot	Fishing spot
1643	3569	0	spinning_wheel	Spinning wheel
1642	3579	0	cooking_range	Cooking range
1657	3542	0	transportation	Transportation
1605	3572	0	agility_short-cut	Agility short-cut
1613	3570	0	agility_short-cut	Agility short-cut
1652	3530	0	kourend_task	Kourend task
1654	3605	0	bank	Bank
1643	3634	0	water_source	Water source
1652	3610	0	water_source	Water source
1648	3630	0	cooking_range	Cooking range
1658	3613	0	cooking_range	Cooking range
1639	3603	0	estate_agent	Estate Agent
1637	3630	0	kourend_task	Kourend task
1660	3607	0	kourend_task	Kourend task
1611	3679	0	bank	Bank
1617	3673	0	altar	Altar
1634	3685	0	gem_shop	Gem shop
1640	3661	0	gem_shop	Gem shop
1623	3682	0	silk_trader	Silk trader
1626	3669	0	rare_trees	Rare trees
1626	3677	0	rare_trees	Rare trees
1643	3663	0	rare_trees	Rare trees
1643	3683	0	rare_trees	Rare trees
1639	3685	0	food_shop	Food shop
1624	3658	0	water_source	Water source
1652	3668	0	water_source	Water source
1652	3678	0	water_source	Water source
1623	3664	0	silver_shop	Silver shop
1635	3661	0	vegetable_store	Vegetable store
1637	3673	0	dungeon_link	Dungeon with map link
1612	3684	0	poll_booth	Poll booth
1648	3665	0	task_master	Task Master
1628	3750	0	bank	Bank
1634	3736	0	poll_booth	Poll booth
1623	3801	0	kourend_task	Kourend task
1639	3817	0	kourend_task	Kourend task
1624	3808	0	transportation	Transportation
1639	3868	0	transportation	Transportation
1641	3944	0	bank	Bank
1638	3946	0	poll_booth	Poll booth
1630	4023	0	agility_short-cut	Agility short-cut
1717	3464	0	bank	Bank
1669	3479	0	fishing_spot	Fishing spot
1676	3490	0	fishing_spot	Fishing spot
1677	3469	0	fishing_spot	Fishing spot
1722	3509	0	agility_short-cut	Agility short-cut
1719	3472	0	kourend_task	Kourend task
1676	3568	0	bank	Bank
1695	3574	0	altar	Altar
1691	3524	0	rare_trees	Rare trees
1697	3554	0	rare_trees	Rare trees
1691	3540	0	farming_patch	Farming patch
1681	3558	0	poll_booth	Poll booth
1684	3530	0	kourend_task	Kourend task
1696	3545	0	kourend_task	Kourend task
1669	3622	0	general_store	General store
1716	3612	0	fishing_spot	Fishing spot
1681	3612	0	water_source	Water source
1688	3611	0	cooking_range	Cooking range
1713	3662	0	bar	Pub/bar
1694	3671	0	water_source	Water source
1683	3680	0	cooking_range	Cooking range
1675	3679	0	kourend_task	Kourend task
1717	3724	0	general_store	General store
1679	3764	0	magic_shop	Magic shop
1716	3745	0	magic_shop	Magic shop
1700	3742	0	quest_start	Quest start
1667	3731	0	staff_shop	Staff shop
1690	3726	0	bar	Pub/bar
1686	3740	0	rare_trees	Rare trees
1688	3794	0	altar	Altar
1674	3832	0	transportation	Transportation
1717	3829	0	kourend_task	Kourend task
1715	3883	0	kourend_task	Kourend task
1781	3417	0	transportation	Transportation
1744	3493	0	altar	Altar
1773	3510	0	rare_trees	Rare trees
1775	3486	0	cookery_shop	Cookery shop
1773	3485	0	water_source	Water source
1776	3492	0	cooking_range	Cooking range
1780	3457	0	transportation	Transportation
1742	3517	0	house_portal	House/POH portal
1728	3580	0	water_source	Water source
1732	3542	0	windmill	Windmill
1753	3532	0	loom	Loom
1747	3536	0	dairy_churn	Dairy churn
1770	3528	0	kourend_task	Kourend task
1771	3550	0	kourend_task	Kourend task
1728	3596	0	water_source	Water source
1747	3615	0	water_source	Water source
1779	3628	0	water_source	Water source
1783	3610	0	water_source	Water source
1780	3593	0	kourend_task	Kourend task
1773	3680	0	water_source	Water source
1779	3675	0	water_source	Water source
1759	3678	0	cooking_range	Cooking range
1761	3708	0	transportation	Transportation
1771	3657	0	kourend_task	Kourend task
1760	3718	0	mining_site	Mining site
1782	3756	0	food_shop	Food shop
1780	3719	0	water_source	Water source
1783	3760	0	water_source	Water source
1750	3736	0	water_source	Water source
1750	3747	0	water_source	Water source
1753	3759	0	water_source	Water source
1763	3738	0	water_source	Water source
1773	3751	0	water_source	Water source
1774	3736	0	water_source	Water source
1782	3758	0	water_source	Water source
1785	3722	0	cooking_range	Cooking range
1786	3753	0	cooking_range	Cooking range
1745	3735	0	cooking_range	Cooking range
1750	3752	0	cooking_range	Cooking range
1750	3764	0	cooking_range	Cooking range
1766	3751	0	cooking_range	Cooking range
1768	3734	0	cooking_range	Cooking range
1777	3733	0	cooking_range	Cooking range
1787	3753	0	cooking_range	Cooking range
1746	3802	0	fishing_spot	Fishing spot
1763	3796	0	fishing_spot	Fishing spot
1754	3783	0	water_source	Water source
1757	3778	0	cooking_range	Cooking range
1764	3844	0	mining_site	Mining site
1764	3860	0	mining_site	Mining site
1743	3853	0	agility_short-cut	Agility short-cut
1760	3873	0	agility_short-cut	Agility short-cut
1771	3851	0	agility_short-cut	Agility short-cut
1775	3888	0	agility_short-cut	Agility short-cut
1758	3852	0	kourend_task	Kourend task
1795	3495	0	water_source	Water source
1810	3490	0	farming_patch	Farming patch
1799	3501	0	farming_shop	Farming shop 
1821	3484	0	kourend_task	Kourend task
1813	3509	0	dairy_cow	Dairy cow
1807	3573	0	bank	Bank
1847	3556	0	quest_start	Quest start
1821	3554	0	water_source	Water source
1840	3552	0	water_source	Water source
1843	3548	0	cooking_range	Cooking range
1808	3555	0	farming_patch	Farming patch
1803	3565	0	kourend_task	Kourend task
1818	3603	0	fishing_spot	Fishing spot
1828	3605	0	fishing_spot	Fishing spot
1829	3614	0	fishing_spot	Fishing spot
1839	3595	0	fishing_spot	Fishing spot
1841	3619	0	fishing_spot	Fishing spot
1824	3692	0	transportation	Transportation
1824	3690	0	quest_start	Quest start
1809	3722	0	general_store	General store
1832	3773	0	fishing_spot	Fishing spot
1829	3723	0	food_shop	Food shop
1792	3760	0	water_source	Water source
1793	3718	0	water_source	Water source
1794	3741	0	water_source	Water source
1801	3738	0	water_source	Water source
1813	3754	0	water_source	Water source
1792	3734	0	cooking_range	Cooking range
1795	3725	0	cooking_range	Cooking range
1797	3754	0	cooking_range	Cooking range
1808	3735	0	cooking_range	Cooking range
1813	3745	0	dungeon_link	Dungeon with map link
1821	3742	0	kourend_task	Kourend task
1832	3716	0	kourend_task	Kourend task
1850	3753	0	kourend_task	Kourend task
1803	3793	0	bank	Bank
1836	3784	0	fishing_shop	Fishing shop
1810	3784	0	poll_booth	Poll booth
1842	3789	0	kourend_task	Kourend task
1796	3782	0	quest_start	Quest start
1815	3854	0	kourend_task	Kourend task
2087	3897	0	water_source	Water source
2096	3907	0	general_store	General store
2098	3920	0	bank	Bank
2105	3908	0	clothes_shop	Clothes shop
2086	3909	0	water_source	Water source
2091	3922	0	water_source	Water source
2095	3906	0	water_source	Water source
2104	3917	0	poll_booth	Poll booth
2148	3069	0	transportation	Transportation
2142	3123	0	transportation	Transportation
2157	3073	0	agility_short-cut	Agility short-cut
2161	3275	0	fishing_spot	Fishing spot
2137	3893	0	cooking_range	Cooking range
2138	3899	0	transportation	Transportation
2142	3944	0	dungeon_link	Dungeon with map link
2184	3068	0	fishing_spot	Fishing spot
2196	3067	0	fishing_spot	Fishing spot
2213	3101	0	transportation	Transportation
2195	3140	0	general_store	General store
2193	3146	0	furnace	Furnace
2218	3141	0	rare_trees	Rare trees
2216	3245	0	fishing_spot	Fishing spot
2199	3250	0	loom	Loom
2221	3790	0	cooking_range	Cooking range
2213	3794	0	transportation	Transportation
2224	3796	0	transportation	Transportation
2278	3159	0	mining_site	Mining site
2285	3141	0	rare_trees	Rare trees
2290	3146	0	quest_start	Quest start
2268	3222	0	quest_start	Quest start
2270	3253	0	fishing_spot	Fishing spot
2278	3611	0	dungeon_link	Dungeon with map link
2277	4034	0	transportation	Transportation
2263	4044	0	agility_short-cut	Agility short-cut
2334	3049	0	rare_trees	Rare trees
2335	3185	0	general_store	General store
2351	3165	0	bank	Bank
2353	3172	0	quest_start	Quest start
2324	3163	0	archery_shop	Archery shop
2356	3172	0	altar	Altar
2327	3176	0	clothes_shop	Clothes shop
2323	3180	0	spinning_wheel	Spinning wheel
2337	3171	0	water_source	Water source
2340	3155	0	cooking_range	Cooking range
2340	3160	0	cooking_range	Cooking range
2344	3160	0	farming_patch	Farming patch
2354	3161	0	poll_booth	Poll booth
2313	3215	0	dungeon	Dungeon
2338	3253	0	agility_short-cut	Agility short-cut
2323	3269	0	mining_site	Mining site
2338	3288	0	agility_short-cut	Agility short-cut
2346	3300	0	agility_short-cut	Agility short-cut
2332	3514	0	rare_trees	Rare trees
2359	3510	0	rare_trees	Rare trees
2361	3471	0	rare_trees	Rare trees
2321	3499	0	agility_short-cut	Agility short-cut
2338	3640	0	mining_site	Mining site
2316	3610	0	rare_trees	Rare trees
2319	3617	0	transportation	Transportation
2357	3641	0	transportation	Transportation
2336	3584	0	hunter_training	Hunter training
2327	3690	0	general_store	General store
2331	3686	0	bank	Bank
2346	3652	0	quest_start	Quest start
2340	3678	0	furnace	Furnace
2309	3700	0	fishing_spot	Fishing spot
2316	3672	0	water_source	Water source
2316	3679	0	water_source	Water source
2327	3667	0	water_source	Water source
2317	3668	0	cooking_range	Cooking range
2329	3693	0	poll_booth	Poll booth
2333	3805	0	general_store	General store
2336	3809	0	bank	Bank
2345	3812	0	furnace	Furnace
2334	3799	0	tannery	Tannery
2353	3794	0	spinning_wheel	Spinning wheel
2343	3803	0	water_source	Water source
2341	3812	0	cooking_range	Cooking range
2311	3779	0	transportation	Transportation
2316	3828	0	agility_short-cut	Agility short-cut
2343	3808	0	woodcutting_stump	Woodcutting stump
2338	3804	0	poll_booth	Poll booth
2311	3853	0	mining_site	Mining site
2316	3894	0	dungeon	Dungeon
2385	3037	0	transportation	Transportation
2412	3061	0	dungeon_link	Dungeon with map link
2368	3130	0	water_source	Water source
2431	3077	0	water_source	Water source
2394	3386	0	water_source	Water source
2401	3419	0	quest_start	Quest start
2383	3415	0	fishing_spot	Fishing spot
2390	3422	0	fishing_spot	Fishing spot
2372	3427	0	rare_trees	Rare trees
2403	3419	0	dungeon_link	Dungeon with map link
2428	3424	0	dungeon_link	Dungeon with map link
2382	3488	0	minigame	Minigame
2418	3500	0	bar	Pub/bar
2369	3487	0	transportation	Transportation
2380	3599	0	hunter_training	Hunter training
2417	3799	0	bank	Bank
2397	3812	0	mining_site	Mining site
2394	3796	0	anvil	Anvil
2397	3805	0	anvil	Anvil
2396	3798	0	platebody_shop	Platebody shop
2417	3813	0	fishing_shop	Fishing shop
2401	3780	0	fishing_spot	Fishing spot
2413	3780	0	fishing_spot	Fishing spot
2420	3789	0	fishing_spot	Fishing spot
2421	3780	0	transportation	Transportation
2415	3803	0	poll_booth	Poll booth
2375	3850	0	mining_site	Mining site
2406	3867	0	mining_site	Mining site
2401	3889	0	dungeon_link	Dungeon with map link
2467	2846	0	sword_shop	Sword shop
2463	2849	0	bank	Bank
2457	2868	0	quest_start	Quest start
2464	2849	0	anvil	Anvil
2462	2845	0	platebody_shop	Platebody shop
2457	2839	0	altar	Altar
2452	2852	0	herbalist	Herbalist
2448	2847	0	clothes_shop	Clothes shop
2444	2845	0	rare_trees	Rare trees
2455	2855	0	water_source	Water source
2467	2848	0	cooking_range	Cooking range
2486	2850	0	transportation	Transportation
2457	2856	0	transportation	Transportation
2445	2819	0	dungeon_link	Dungeon with map link
2457	2847	0	dungeon_link	Dungeon with map link
2457	2893	0	fishing_spot	Fishing spot
2477	2893	0	rare_trees	Rare trees
2483	2891	0	dungeon_link	Dungeon with map link
2487	2898	0	agility_short-cut	Agility short-cut
2443	3051	0	quest_start	Quest start
2485	3043	0	dungeon	Dungeon
2440	3092	0	minigame	Minigame
2445	3082	0	bank	Bank
2459	3108	0	transportation	Transportation
2440	3082	0	poll_booth	Poll booth
2439	3185	0	quest_start	Quest start
2437	3163	0	dungeon	Dungeon
2459	3186	0	dungeon	Dungeon
2467	3151	0	fishing_spot	Fishing spot
2440	3181	0	water_source	Water source
2438	3191	0	cooking_range	Cooking range
2488	3181	0	farming_patch	Farming patch
2448	3155	0	agility_short-cut	Agility short-cut
2472	3255	0	mining_site	Mining site
2455	3231	0	altar	Altar
2452	3231	0	dungeon_link	Dungeon with map link
2448	3219	0	hunter_training	Hunter training
2476	3240	0	hunter_training	Hunter training
2465	3286	0	general_store	General store
2436	3346	0	quest_start	Quest start
2475	3436	0	agility_training	Agility training
2447	3424	0	bank	Bank
2433	3411	0	rare_trees	Rare trees
2435	3432	0	rare_trees	Rare trees
2491	3414	0	rare_trees	Rare trees
2494	3396	0	rare_trees	Rare trees
2475	3398	0	spinning_wheel	Spinning wheel
2487	3401	0	spinning_wheel	Spinning wheel
2488	3410	0	spinning_wheel	Spinning wheel
2443	3417	0	water_source	Water source
2432	3424	0	slayer_master	Slayer Master
2460	3446	0	transportation	Transportation
2435	3418	0	farming_patch	Farming patch
2473	3445	0	farming_patch	Farming patch
2444	3432	0	poll_booth	Poll booth
2437	3502	0	minigame	Minigame
2467	3486	0	sword_shop	Sword shop
2440	3486	0	bank	Bank
2451	3480	0	bank	Bank
2467	3497	0	quest_start	Quest start
2482	3513	0	clothes_shop	Clothes shop
2479	3489	0	bar	Pub/bar
2445	3501	0	food_shop	Food shop
2446	3509	0	cookery_shop	Cookery shop
2480	3482	0	cookery_shop	Cookery shop
2441	3499	0	water_source	Water source
2446	3512	0	cooking_range	Cooking range
2452	3510	0	cooking_range	Cooking range
2480	3479	0	cooking_range	Cooking range
2479	3459	0	transportation	Transportation
2461	3502	0	transportation	Transportation
2463	3496	0	dungeon_link	Dungeon with map link
2486	3515	0	agility_short-cut	Agility short-cut
2466	3459	0	task_master	Task Master
2449	3488	0	poll_booth	Poll booth
2512	2838	0	fishing_spot	Fishing spot
2523	2861	0	dungeon_link	Dungeon with map link
2546	2871	0	agility_short-cut	Agility short-cut
2526	2894	0	dungeon_link	Dungeon with map link
2558	2912	0	hunter_training	Hunter training
2524	2918	0	hunting_tutor	Hunting Tutor
2501	2991	0	dungeon	Dungeon
2541	2969	0	transportation	Transportation
2521	3036	0	general_store	General store
2506	3039	0	dungeon	Dungeon
2522	3070	0	dungeon	Dungeon
2529	3014	0	dungeon	Dungeon
2541	3054	0	dungeon	Dungeon
2552	3035	0	dungeon	Dungeon
2553	3054	0	dungeon	Dungeon
2527	3048	0	herbalist	Herbalist
2512	3037	0	food_shop	Food shop
2553	3101	0	quest_start	Quest start
2546	3112	0	quest_start	Quest start
2556	3078	0	bar	Pub/bar
2549	3102	0	water_source	Water source
2557	3114	0	water_source	Water source
2549	3098	0	cooking_range	Cooking range
2528	3129	0	transportation	Transportation
2544	3097	0	house_portal	House/POH portal
2553	3072	0	agility_short-cut	Agility short-cut
2543	3104	0	sandpit	Sandpit
2527	3161	0	general_store	General store
2542	3169	0	quest_start	Quest start
2533	3155	0	dungeon	Dungeon
2530	3153	0	water_source	Water source
2553	3169	0	water_source	Water source
2539	3166	0	transportation	Transportation
2530	3162	0	poll_booth	Poll booth
2555	3259	0	transportation	Transportation
2529	3303	0	dungeon	Dungeon
2530	3286	0	altar	Altar
2549	3321	0	water_source	Water source
2547	3323	0	cooking_range	Cooking range
2500	3330	0	anvil	Anvil
2508	3420	0	fishing_spot	Fishing spot
2527	3412	0	fishing_spot	Fishing spot
2537	3405	0	fishing_spot	Fishing spot
2522	3498	0	quest_start	Quest start
2501	3509	0	fishing_spot	Fishing spot
2505	3495	0	fishing_spot	Fishing spot
2506	3515	0	fishing_spot	Fishing spot
2521	3518	0	fishing_spot	Fishing spot
2496	3490	0	rare_trees	Rare trees
2512	3508	0	dungeon_link	Dungeon with map link
2532	3569	0	minigame	Minigame
2545	3569	0	agility_training	Agility training
2537	3574	0	bank	Bank
2498	3548	0	fishing_spot	Fishing spot
2510	3562	0	fishing_spot	Fishing spot
2515	3575	0	fishing_spot	Fishing spot
2539	3561	0	poll_booth	Poll booth
2509	3640	0	general_store	General store
2508	3635	0	quest_start	Quest start
2509	3644	0	dungeon	Dungeon
2503	3638	0	transportation	Transportation
2550	3758	0	transportation	Transportation
2521	3740	0	dungeon_link	Dungeon with map link
2543	3741	0	dungeon_link	Dungeon with map link
2498	3859	0	quest_start	Quest start
2527	3891	0	mining_site	Mining site
2549	3896	0	anvil	Anvil
2529	3853	0	herbalist	Herbalist
2513	3862	0	fishing_shop	Fishing shop
2519	3866	0	fishing_shop	Fishing shop
2551	3869	0	rare_trees	Rare trees
2517	3862	0	vegetable_store	Vegetable store
2500	3898	0	transportation	Transportation
2513	3886	0	transportation	Transportation
2509	3846	0	dungeon_link	Dungeon with map link
2508	3856	0	poll_booth	Poll booth
2569	2866	0	bank	Bank
2578	2839	0	transportation	Transportation
2590	2851	0	transportation	Transportation
2571	2862	0	poll_booth	Poll booth
2568	2961	0	mining_site	Mining site
2580	2998	0	mining_site	Mining site
2571	2958	0	transportation	Transportation
2562	3025	0	dungeon	Dungeon
2575	3028	0	dungeon	Dungeon
2607	3115	0	minigame	Minigame
2595	3087	0	magic_shop	Magic shop
2614	3093	0	bank	Bank
2613	3080	0	anvil	Anvil
2566	3098	0	cookery_shop	Cookery shop
2567	3093	0	water_source	Water source
2567	3104	0	cooking_range	Cooking range
2593	3089	0	transportation	Transportation
2573	3102	0	farming_patch	Farming patch
2570	3102	0	dairy_churn	Dairy churn
2569	3122	0	dungeon_link	Dungeon with map link
2594	3085	0	dungeon_link	Dungeon with map link
2604	3078	0	dungeon_link	Dungeon with map link
2575	3109	0	agility_short-cut	Agility short-cut
2566	3082	0	hunter_shop	Hunter shop
2609	3096	0	poll_booth	Poll booth
2584	3121	0	dairy_cow	Dairy cow
2566	3199	0	quest_start	Quest start
2566	3142	0	bar	Pub/bar
2563	3173	0	water_source	Water source
2564	3166	0	water_source	Water source
2592	3188	0	water_source	Water source
2609	3187	0	water_source	Water source
2611	3195	0	water_source	Water source
2579	3198	0	cooking_range	Cooking range
2569	3249	0	quest_start	Quest start
2606	3209	0	quest_start	Quest start
2600	3232	0	mining_site	Mining site
2605	3208	0	altar	Altar
2608	3208	0	altar	Altar
2613	3255	0	water_source	Water source
2573	3248	0	cooking_range	Cooking range
2591	3210	0	cooking_range	Cooking range
2616	3224	0	farming_patch	Farming patch
2569	3229	0	dungeon_link	Dungeon with map link
2587	3235	0	dungeon_link	Dungeon with map link
2562	3318	0	minigame	Minigame
2612	3294	0	general_store	General store
2566	3271	0	quest_start	Quest start
2575	3320	0	quest_start	Quest start
2594	3265	0	quest_start	Quest start
2606	3264	0	quest_start	Quest start
2617	3299	0	quest_start	Quest start
2576	3293	0	quest_start	Quest start
2602	3311	0	furnace	Furnace
2618	3309	0	altar	Altar
2575	3322	0	bar	Pub/bar
2617	3325	0	water_source	Water source
2617	3317	0	cooking_range	Cooking range
2589	3327	0	potters_wheel	Potters wheel
2560	3309	0	transportation	Transportation
2561	3320	0	dungeon_link	Dungeon with map link
2575	3324	0	task_master	Task Master
2623	3292	0	pet_insurance_shop	Pet insurance shop
2617	3331	0	bank	Bank
2568	3334	0	quest_start	Quest start
2592	3335	0	quest_start	Quest start
2561	3374	0	fishing_spot	Fishing spot
2566	3370	0	fishing_spot	Fishing spot
2573	3334	0	water_source	Water source
2562	3356	0	dungeon_link	Dungeon with map link
2603	3336	0	agility_short-cut	Agility short-cut
2613	3335	0	poll_booth	Poll booth
2584	3420	0	bank	Bank
2595	3401	0	fishing_shop	Fishing shop
2605	3423	0	fishing_spot	Fishing spot
2606	3417	0	fishing_spot	Fishing spot
2610	3444	0	fishing_spot	Fishing spot
2612	3413	0	fishing_spot	Fishing spot
2618	3444	0	fishing_spot	Fishing spot
2616	3397	0	cooking_range	Cooking range
2599	3426	0	transportation	Transportation
2614	3439	0	transportation	Transportation
2623	3393	0	dungeon_link	Dungeon with map link
2590	3409	0	poll_booth	Poll booth
2567	3461	0	quest_start	Quest start
2581	3484	0	mining_site	Mining site
2599	3475	0	agility_short-cut	Agility short-cut
2620	3689	0	quest_start	Quest start
2617	3667	0	furnace	Furnace
2620	3663	0	anvil	Anvil
2617	3659	0	spinning_wheel	Spinning wheel
2616	3662	0	potters_wheel	Potters wheel
2622	3683	0	transportation	Transportation
2620	3896	0	bank	Bank
2600	3879	0	fishing_shop	Fishing shop
2578	3854	0	fishing_spot	Fishing spot
2603	3895	0	rare_trees	Rare trees
2600	3876	0	vegetable_store	Vegetable store
2580	3846	0	transportation	Transportation
2590	3862	0	farming_patch	Farming patch
2615	3856	0	farming_patch	Farming patch
2620	3865	0	dungeon_link	Dungeon with map link
2573	3862	0	agility_short-cut	Agility short-cut
2618	3892	0	poll_booth	Poll booth
2633	2648	0	minigame	Minigame
2639	2641	0	minigame	Minigame
2661	2637	0	minigame	Minigame
2650	2664	0	general_store	General store
2659	2653	0	magic_shop	Magic shop
2667	2651	0	bank	Bank
2652	2658	0	anvil	Anvil
2666	2660	0	archery_shop	Archery shop
2660	2675	0	transportation	Transportation
2667	2655	0	poll_booth	Poll booth
2630	2981	0	quest_start	Quest start
2639	2996	0	mining_site	Mining site
2654	2964	0	transportation	Transportation
2682	3083	0	transportation	Transportation
2668	3163	0	minigame	Minigame
2642	3170	0	general_store	General store
2656	3152	0	general_store	General store
2662	3161	0	bank	Bank
2631	3142	0	mining_site	Mining site
2652	3172	0	mining_site	Mining site
2652	3165	0	anvil	Anvil
2632	3164	0	cooking_range	Cooking range
2635	3170	0	cooking_range	Cooking range
2674	3143	0	transportation	Transportation
2640	3174	0	poll_booth	Poll booth
2641	3218	0	quest_start	Quest start
2650	3213	0	dungeon	Dungeon
2658	3232	0	transportation	Transportation
2674	3298	0	agility_training	Agility training
2657	3284	0	bank	Bank
2653	3294	0	platebody_shop	Platebody shop
2668	3303	0	gem_shop	Gem shop
2657	3303	0	silk_trader	Silk trader
2663	3314	0	silk_trader	Silk trader
2656	3311	0	food_shop	Food shop
2668	3310	0	food_shop	Food shop
2630	3311	0	water_source	Water source
2641	3311	0	water_source	Water source
2658	3272	0	water_source	Water source
2648	3298	0	cooking_range	Cooking range
2658	3314	0	silver_shop	Silver shop
2664	3296	0	fur_trader	Fur trader
2659	3297	0	spice_shop	Spice shop
2636	3268	0	transportation	Transportation
2682	3324	0	transportation	Transportation
2676	3275	0	transportation	Transportation
2632	3294	0	dungeon_link	Dungeon with map link
2639	3291	0	estate_agent	Estate Agent
2647	3279	0	poll_booth	Poll booth
2639	3369	0	water_source	Water source
2643	3355	0	cooking_range	Cooking range
2632	3385	0	windmill	Windmill
2664	3375	0	farming_patch	Farming patch
2645	3364	0	farming_shop	Farming shop 
2642	3364	0	dairy_churn	Dairy churn
2673	3352	0	dairy_cow	Dairy cow
2672	3419	0	minigame	Minigame
2637	3417	0	anvil	Anvil
2677	3404	0	dungeon	Dungeon
2627	3415	0	fishing_spot	Fishing spot
2630	3435	0	fishing_spot	Fishing spot
2632	3425	0	fishing_spot	Fishing spot
2637	3444	0	fishing_spot	Fishing spot
2677	3433	0	tannery	Tannery
2678	3397	0	water_source	Water source
2637	3432	0	cooking_range	Cooking range
2644	3497	0	transportation	Transportation
2662	3523	0	farming_patch	Farming patch
2670	3630	0	house_portal	House/POH portal
2659	3627	0	task_master	Task Master
2625	3677	0	agility_training	Agility training
2664	3693	0	helmet_shop	Helmet shop
2646	3711	0	quest_start	Quest start
2658	3669	0	quest_start	Quest start
2683	3704	0	mining_site	Mining site
2638	3672	0	fishing_shop	Fishing shop
2638	3680	0	fishing_shop	Fishing shop
2647	3676	0	fishing_shop	Fishing shop
2633	3694	0	fishing_spot	Fishing spot
2642	3696	0	fishing_spot	Fishing spot
2650	3708	0	fishing_spot	Fishing spot
2625	3674	0	clothes_shop	Clothes shop
2668	3661	0	water_source	Water source
2658	3671	0	cooking_range	Cooking range
2638	3676	0	fur_trader	Fur trader
2647	3680	0	fur_trader	Fur trader
2639	3698	0	transportation	Transportation
2640	3710	0	transportation	Transportation
2628	3692	0	transportation	Transportation
2674	3667	0	dairy_churn	Dairy churn
2667	3707	0	sandpit	Sandpit
2655	3676	0	poll_booth	Poll booth
2679	3670	0	dairy_cow	Dairy cow
2658	3988	0	transportation	Transportation
2639	4041	0	agility_training	Agility training
2699	2703	0	fishing_spot	Fishing spot
2717	2710	0	rare_trees	Rare trees
2726	2735	0	rare_trees	Rare trees
2738	2739	0	transportation	Transportation
2713	2804	0	transportation	Transportation
2744	3150	0	mining_site	Mining site
2744	3154	0	dungeon_link	Dungeon with map link
2733	3225	0	mining_site	Mining site
2700	3249	0	transportation	Transportation
2716	3302	0	quest_start	Quest start
2723	3281	0	altar	Altar
2731	3292	0	fishing_shop	Fishing shop
2731	3274	0	spinning_wheel	Spinning wheel
2722	3271	0	water_source	Water source
2723	3304	0	transportation	Transportation
2696	3283	0	dungeon_link	Dungeon with map link
2730	3379	0	bank	Bank
2726	3367	0	quest_start	Quest start
2695	3332	0	mining_site	Mining site
2710	3331	0	mining_site	Mining site
2713	3382	0	rare_trees	Rare trees
2734	3334	0	rare_trees	Rare trees
2740	3353	0	transportation	Transportation
2724	3375	0	dungeon_link	Dungeon with map link
2730	3374	0	poll_booth	Poll booth
2702	3399	0	quest_start	Quest start
2696	3423	0	rare_trees	Rare trees
2705	3397	0	rare_trees	Rare trees
2706	3405	0	cooking_range	Cooking range
2729	3488	0	agility_training	Agility training
2726	3494	0	bank	Bank
2715	3482	0	quest_start	Quest start
2698	3506	0	mining_site	Mining site
2709	3491	0	anvil	Anvil
2694	3460	0	altar	Altar
2750	3501	0	altar	Altar
2691	3489	0	bar	Pub/bar
2711	3510	0	rare_trees	Rare trees
2715	3460	0	rare_trees	Rare trees
2721	3465	0	rare_trees	Rare trees
2727	3501	0	rare_trees	Rare trees
2729	3481	0	rare_trees	Rare trees
2749	3466	0	rare_trees	Rare trees
2710	3471	0	spinning_wheel	Spinning wheel
2699	3473	0	water_source	Water source
2750	3486	0	water_source	Water source
2716	3476	0	cooking_range	Cooking range
2739	3502	0	estate_agent	Estate Agent
2721	3492	0	poll_booth	Poll booth
2741	3562	0	quest_start	Quest start
2742	3554	0	quest_start	Quest start
2715	3531	0	fishing_spot	Fishing spot
2726	3524	0	fishing_spot	Fishing spot
2711	3570	0	rare_trees	Rare trees
2733	3580	0	water_source	Water source
2747	3563	0	water_source	Water source
2734	3582	0	cooking_range	Cooking range
2705	3578	0	transportation	Transportation
2730	3579	0	dairy_churn	Dairy churn
2738	3560	0	dairy_cow	Dairy cow
2739	3639	0	rare_trees	Rare trees
2722	3591	0	agility_short-cut	Agility short-cut
2725	3693	0	mining_site	Mining site
2689	3697	0	agility_short-cut	Agility short-cut
2724	3729	0	quest_start	Quest start
2708	3735	0	transportation	Transportation
2744	3721	0	transportation	Transportation
2731	3713	0	dungeon_link	Dungeon with map link
2720	3780	0	hunter_training	Hunter training
2710	3829	0	hunting_tutor	Hunting Tutor
2753	2742	0	agility_training	Agility training
2763	2703	0	dungeon	Dungeon
2775	2740	0	fishing_spot	Fishing spot
2775	2697	0	rare_trees	Rare trees
2753	2775	0	general_store	General store
2757	2769	0	magic_shop	Magic shop
2780	2782	0	bank	Bank
2759	2774	0	scimitar_shop	Scimitar shop
2774	2778	0	archery_shop	Archery shop
2797	2794	0	altar	Altar
2797	2800	0	altar	Altar
2781	2794	0	crafting_shop	Crafting shop
2768	2789	0	food_shop	Food shop
2764	2957	0	transportation	Transportation
2801	3005	0	transportation	Transportation
2764	2957	0	transportation	Transportation
2787	3001	0	hunter_training	Hunter training
2796	3066	0	minigame	Minigame
2807	3014	0	fishing_spot	Fishing spot
2760	3062	0	dungeon_link	Dungeon with map link
2767	3122	0	general_store	General store
2780	3087	0	quest_start	Quest start
2810	3086	0	quest_start	Quest start
2780	3087	0	quest_start	Quest start
2791	3101	0	anvil	Anvil
2758	3085	0	transportation	Transportation
2794	3099	0	farming_patch	Farming patch
2810	3191	0	minigame	Minigame
2807	3193	0	agility_training	Agility training
2791	3182	0	quest_start	Quest start
2803	3152	0	amulet_shop	Amulet shop
2768	3165	0	fishing_spot	Fishing spot
2794	3155	0	bar	Pub/bar
2793	3187	0	food_shop	Food shop
2791	3193	0	water_source	Water source
2799	3195	0	water_source	Water source
2787	3192	0	cooking_range	Cooking range
2814	3162	0	cooking_range	Cooking range
2809	3194	0	dungeon_link	Dungeon with map link
2756	3178	0	house_portal	House/POH portal
2806	3190	0	task_master	Task Master
2812	3166	0	poll_booth	Poll booth
2781	3214	0	transportation	Transportation
2761	3238	0	transportation	Transportation
2773	3234	0	transportation	Transportation
2766	3211	0	farming_patch	Farming patch
2800	3205	0	farming_patch	Farming patch
2789	3273	0	fishing_spot	Fishing spot
2794	3283	0	fishing_spot	Fishing spot
2795	3279	0	fishing_spot	Fishing spot
2766	3273	0	water_source	Water source
2780	3271	0	transportation	Transportation
2810	3356	0	quest_start	Quest start
2809	3344	0	herbalist	Herbalist
2811	3347	0	water_source	Water source
2813	3334	0	farming_patch	Farming patch
2803	3432	0	general_store	General store
2808	3442	0	bank	Bank
2800	3439	0	candle_shop	Candle shop
2758	3431	0	rare_trees	Rare trees
2792	3415	0	transportation	Transportation
2805	3421	0	transportation	Transportation
2812	3439	0	poll_booth	Poll booth
2764	3515	0	quest_start	Quest start
2757	3498	0	water_source	Water source
2761	3479	0	water_source	Water source
2766	3479	0	water_source	Water source
2767	3486	0	water_source	Water source
2771	3479	0	water_source	Water source
2772	3516	0	water_source	Water source
2811	3462	0	farming_patch	Farming patch
2759	3476	0	task_master	Task Master
2792	3540	0	clothes_shop	Clothes shop
2780	3615	0	transportation	Transportation
2797	3615	0	dungeon_link	Dungeon with map link
2811	3672	0	quest_start	Quest start
2796	3718	0	dungeon_link	Dungeon with map link
2838	2907	0	rare_trees	Rare trees
2825	2958	0	general_store	General store
2852	2954	0	bank	Bank
2835	2985	0	quest_start	Quest start
2823	3001	0	mining_site	Mining site
2857	2967	0	furnace	Furnace
2824	3001	0	dungeon	Dungeon
2870	2972	0	fishing_shop	Fishing shop
2855	2977	0	fishing_spot	Fishing spot
2859	2973	0	fishing_spot	Fishing spot
2863	2996	0	bar	Pub/bar
2869	2982	0	slayer_master	Slayer Master
2869	2982	0	slayer_master	Slayer Master
2834	2958	0	transportation	Transportation
2864	2974	0	agility_short-cut	Agility short-cut
2845	2952	0	poll_booth	Poll booth
2849	3033	0	mining_site	Mining site
2822	3084	0	rare_trees	Rare trees
2825	3118	0	dungeon_link	Dungeon with map link
2875	3128	0	agility_short-cut	Agility short-cut
2856	3168	0	dungeon_link	Dungeon with map link
2874	3143	0	agility_short-cut	Agility short-cut
2820	3247	0	mining_site	Mining site
2836	3245	0	mining_site	Mining site
2834	3256	0	dungeon_link	Dungeon with map link
2832	3296	0	mining_site	Mining site
2861	3287	0	mining_site	Mining site
2834	3352	0	furnace	Furnace
2853	3348	0	altar	Altar
2842	3356	0	fishing_spot	Fishing spot
2843	3359	0	fishing_spot	Fishing spot
2848	3361	0	fishing_spot	Fishing spot
2876	3331	0	fishing_spot	Fishing spot
2876	3342	0	fishing_spot	Fishing spot
2879	3334	0	fishing_spot	Fishing spot
2879	3339	0	fishing_spot	Fishing spot
2822	3352	0	cooking_range	Cooking range
2844	3367	0	cooking_range	Cooking range
2857	3334	0	cooking_range	Cooking range
2834	3334	0	transportation	Transportation
2820	3374	0	dungeon_link	Dungeon with map link
2816	3341	0	sandpit	Sandpit
2819	3351	0	poll_booth	Poll booth
2823	3442	0	archery_shop	Archery shop
2833	3443	0	fishing_shop	Fishing shop
2837	3431	0	fishing_spot	Fishing spot
2845	3429	0	fishing_spot	Fishing spot
2854	3423	0	fishing_spot	Fishing spot
2860	3426	0	fishing_spot	Fishing spot
2819	3449	0	water_source	Water source
2830	3441	0	water_source	Water source
2818	3444	0	cooking_range	Cooking range
2819	3455	0	cooking_range	Cooking range
2859	3432	0	farming_patch	Farming patch
2842	3424	0	dungeon_link	Dungeon with map link
2869	3429	0	agility_short-cut	Agility short-cut
2821	3487	0	quest_start	Quest start
2876	3483	0	quest_start	Quest start
2846	3501	0	transportation	Transportation
2820	3462	0	farming_shop	Farming shop 
2820	3484	0	dungeon_link	Dungeon with map link
2823	3510	0	dungeon_link	Dungeon with map link
2847	3516	0	dungeon_link	Dungeon with map link
2857	3519	0	dungeon_link	Dungeon with map link
2877	3480	0	dungeon_link	Dungeon with map link
2854	3537	0	minigame	Minigame
2858	3551	0	minigame	Minigame
2843	3545	0	minigame	Minigame
2864	3550	0	minigame	Minigame
2854	3537	0	sword_shop	Sword shop
2856	3535	0	axe_shop	Axe shop
2841	3542	0	bank	Bank
2846	3553	0	apothecary	Apothecary
2839	3552	0	food_shop	Food shop
2833	3542	0	dungeon_link	Dungeon with map link
2846	3545	0	poll_booth	Poll booth
2827	3647	0	dungeon_link	Dungeon with map link
2829	3696	0	farming_patch	Farming patch
2825	3685	0	farming_shop	Farming shop 
2831	3677	0	dungeon_link	Dungeon with map link
2839	3690	0	dungeon_link	Dungeon with map link
2842	3694	0	agility_short-cut	Agility short-cut
2870	3670	0	agility_short-cut	Agility short-cut
2877	3666	0	agility_short-cut	Agility short-cut
2868	3932	0	water_source	Water source
2848	3967	0	transportation	Transportation
2848	3933	0	farming_patch	Farming patch
2869	3941	0	dungeon	Weiss Salt Mine
2921	2721	0	dungeon	Dungeon
2892	2726	0	transportation	Transportation
2900	2897	0	rare_trees	Rare trees
2898	2939	0	agility_short-cut	Agility short-cut
2883	2951	0	quest_start	Quest start
2925	2946	0	agility_short-cut	Agility short-cut
2907	3050	0	agility_short-cut	Agility short-cut
2899	3119	0	fishing_spot	Fishing spot
2912	3119	0	fishing_spot	Fishing spot
2900	3113	0	transportation	Transportation
2905	3148	0	general_store	General store
2926	3179	0	fishing_spot	Fishing spot
2926	3143	0	bar	Pub/bar
2916	3142	0	water_source	Water source
2901	3152	0	poll_booth	Poll booth
2933	3231	0	rare_trees	Rare trees
2910	3227	0	transportation	Transportation
2939	3223	0	farming_patch	Farming patch
2924	3250	0	basement	Melzar's Maze basement
2937	3280	0	bank	Bank
2940	3283	0	mining_site	Mining site
2936	3283	0	tannery	Tannery
2936	3287	0	spinning_wheel	Spinning wheel
2933	3280	0	water_source	Water source
2917	3318	0	cooking_range	Cooking range
2930	3292	0	potters_wheel	Potters wheel
2935	3289	0	potters_wheel	Potters wheel
2920	3324	0	makeover_mage	Makeover mage
2922	3301	0	transportation	Transportation
2917	3324	0	dairy_churn	Dairy churn
2929	3275	0	poll_booth	Poll booth
2923	3288	0	dairy_cow	Dairy cow
2908	3362	0	mining_site	Mining site
2937	3357	0	agility_short-cut	Agility short-cut
2885	3450	0	sword_shop	Sword shop
2891	3454	0	quest_start	Quest start
2897	3426	0	quest_start	Quest start
2896	3428	0	herbalist	Herbalist
2891	3441	0	water_source	Water source
2937	3422	0	transportation	Transportation
2934	3436	0	farming_patch	Farming patch
2884	3397	0	dungeon_link	Dungeon with map link
2915	3448	0	poll_booth	Poll booth
2904	3511	0	quest_start	Quest start
2917	3484	0	quest_start	Quest start
2928	3456	0	quest_start	Quest start
2926	3484	0	altar	Altar
2933	3513	0	altar	Altar
2889	3511	0	altar	Altar
2892	3507	0	dungeon_link	Dungeon with map link
2892	3465	0	house_portal	House/POH portal
2901	3565	0	minigame	Minigame
2906	3537	0	minigame	Minigame
2927	3546	0	general_store	General store
2896	3528	0	quest_start	Quest start
2918	3557	0	quest_start	Quest start
2918	3573	0	anvil	Anvil
2901	3533	0	dummy	Dummy
2912	3542	0	bar	Pub/bar
2894	3556	0	water_source	Water source
2920	3548	0	water_source	Water source
2922	3561	0	water_source	Water source
2929	3567	0	water_source	Water source
2931	3536	0	slayer_master	Slayer Master
2926	3523	0	agility_short-cut	Agility short-cut
2887	3684	0	agility_short-cut	Agility short-cut
2903	3680	0	agility_short-cut	Agility short-cut
2908	3686	0	agility_short-cut	Agility short-cut
2918	3672	0	agility_short-cut	Agility short-cut
2918	3746	0	dungeon_link	Dungeon with map link
2929	3760	0	agility_short-cut	Agility short-cut
2947	2908	0	rare_trees	Rare trees
2972	2974	0	transportation	Transportation
3000	3032	0	transportation	Transportation
2996	3112	0	transportation	Transportation
2999	3144	0	anvil	Anvil
2995	3177	0	altar	Altar
2986	3176	0	fishing_spot	Fishing spot
2996	3158	0	fishing_spot	Fishing spot
2955	3158	0	transportation	Transportation
2956	3145	0	transportation	Transportation
2946	3217	0	general_store	General store
2968	3203	0	quest_start	Quest start
2978	3240	0	mining_site	Mining site
2956	3204	0	archery_shop	Archery shop
2948	3203	0	crafting_shop	Crafting shop
2967	3208	0	water_source	Water source
2970	3210	0	cooking_range	Cooking range
2956	3212	0	water_source	Water source
2952	3224	0	house_portal	House/POH portal
2950	3215	0	poll_booth	Poll booth
2996	3312	0	rare_trees	Rare trees
2982	3314	0	spinning_wheel	Spinning wheel
2986	3315	0	water_source	Water source
2972	3313	0	chainmail_shop	Chainmail shop
2948	3313	0	agility_short-cut	Agility short-cut
2956	3389	0	general_store	General store
2947	3368	0	bank	Bank
2977	3342	0	quest_start	Quest start
2997	3373	0	quest_start	Quest start
2960	3336	0	quest_start	Quest start
2976	3369	0	furnace	Furnace
2977	3383	0	shield_shop	Shield shop
2944	3334	0	gem_shop	Gem shop
2957	3368	0	bar	Pub/bar
2950	3386	0	mace_shop	Mace shop
2950	3382	0	water_source	Water source
2971	3328	0	cooking_range	Cooking range
2988	3366	0	cooking_range	Cooking range
2945	3380	0	hairdresser	hairdresser
3006	3375	0	farming_patch	Farming patch
2986	3387	0	dungeon_link	Dungeon with map link
2998	3376	0	dungeon_link	Dungeon with map link
2983	3368	0	estate_agent	Estate Agent
2978	3347	0	task_master	Task Master
2944	3373	0	poll_booth	Poll booth
2953	3450	0	quest_start	Quest start
2950	3451	0	anvil	Anvil
2958	3509	0	quest_start	Quest start
2991	3689	0	anvil	Anvil
2946	3678	0	agility_short-cut	Agility short-cut
2944	3770	0	agility_short-cut	Agility short-cut
2946	3820	0	altar	Altar
2998	3916	0	agility_training	Agility training
2948	3914	0	mining_site	Mining site
2964	3933	0	mining_site	Mining site
2976	3937	0	mining_site	Mining site
3005	3963	0	dungeon_link	Dungeon with map link
3038	3191	0	transportation	Transportation
3008	3150	0	dungeon_link	Dungeon with map link
3016	3232	0	minigame	Minigame
3014	3259	0	magic_shop	Magic shop
3026	3250	0	axe_shop	Axe shop
3052	3252	0	quest_start	Quest start
3014	3248	0	jewellery	Jewellery
3013	3226	0	fishing_shop	Fishing shop
3048	3257	0	bar	Pub/bar
3014	3205	0	food_shop	Food shop
3027	3259	0	water_source	Water source
3019	3238	0	cooking_range	Cooking range
3030	3218	0	transportation	Transportation
3040	3201	0	transportation	Transportation
3046	3205	0	transportation	Transportation
3047	3233	0	transportation	Transportation
3055	3244	0	transportation	Transportation
3057	3259	0	farming_patch	Farming patch
3018	3231	0	dungeon	Port Sarim Rat Pits
3069	3261	0	agility_short-cut	Agility short-cut
3016	3236	0	poll_booth	Poll booth
3030	3273	0	quest_start	Quest start
3019	3316	0	rare_trees	Rare trees
3042	3320	0	rare_trees	Rare trees
3053	3272	0	rare_trees	Rare trees
3021	3288	0	water_source	Water source
3053	3309	0	farming_patch	Farming patch
3037	3293	0	farming_shop	Farming shop 
3039	3287	0	loom	Loom
3025	3289	0	dairy_churn	Dairy churn
3040	3303	0	dairy_cow	Dairy cow
3035	3340	0	agility_training	Agility training
3012	3354	0	bank	Bank
3038	3353	0	water_source	Water source
3051	3348	0	water_source	Water source
3036	3343	0	cooking_range	Cooking range
3039	3367	0	cooking_range	Cooking range
3052	3356	0	cooking_range	Cooking range
3019	3339	0	dungeon_link	Dungeon with map link
3059	3377	0	dungeon_link	Dungeon with map link
3032	3391	0	agility_short-cut	Agility short-cut
3038	3383	0	holiday_event	Holiday event
3019	3356	0	poll_booth	Poll booth
3018	3373	0	garden_supplier	Garden supplier
3018	3450	0	dungeon_link	Dungeon with map link
3028	3510	0	altar	Altar
3052	3498	0	altar	Altar
3051	3489	0	water_source	Water source
3014	3589	0	mining_site	Mining site
3025	3701	0	general_store	General store
3050	3704	0	fishing_spot	Fishing spot
3038	3706	0	food_shop	Food shop
3036	3708	0	cooking_range	Cooking range
3017	3739	0	dungeon_link	Dungeon with map link
3060	3884	0	mining_site	Mining site
3017	3849	0	dungeon	King Black Dragon Lair
3069	3856	0	dungeon_link	Dungeon with map link
3057	3945	0	mining_site	Mining site
3063	3952	0	anvil	Anvil
3045	3925	0	dungeon_link	Dungeon with map link
3122	3125	0	bank	Bank
3085	3123	0	quest_start	Quest start
3088	3119	0	dungeon	Dungeon
3111	3126	0	dungeon	Dungeon
3121	3107	0	altar	Altar
3101	3091	0	fishing_spot	Fishing spot
3077	3086	0	water_source	Water source
3090	3110	0	water_source	Water source
3075	3081	0	cooking_range	Cooking range
3118	3120	0	poll_booth	Poll booth
3109	3160	0	quest_start	Quest start
3116	3168	0	water_source	Water source
3110	3149	0	transportation	Transportation
3104	3162	0	dungeon_link	Dungeon with map link
3091	3242	0	bank	Bank
3078	3258	0	quest_start	Quest start
3085	3228	0	fishing_spot	Fishing spot
3082	3208	0	transportation	Transportation
3077	3252	0	farming_shop	Farming shop 
3118	3244	0	dungeon_link	Dungeon with map link
3096	3227	0	task_master	Task Master
3096	3244	0	poll_booth	Poll booth
3081	3246	0	holiday_item_trader	Holiday item trader
3085	3252	0	wine_trader	Wine trader
3090	3254	0	junk_checker	Junk checker
3086	3259	0	dye_trader	Dye trader
3100	3258	0	rope_trader	Rope trader
3104	3279	0	agility_training	Agility training
3097	3266	0	quest_start	Quest start
3084	3272	0	dungeon_link	Dungeon with map link
3095	3360	0	quest_start	Quest start
3110	3330	0	quest_start	Quest start
3097	3367	0	cooking_range	Cooking range
3085	3356	0	farming_patch	Farming patch
3092	3361	0	basement	Draynor Manor Basement
3115	3357	0	dungeon_link	Dungeon with map link
3074	3429	0	helmet_shop	Helmet shop
3079	3421	0	mining_site	Mining site
3081	3411	0	anvil	Anvil
3104	3424	0	fishing_spot	Fishing spot
3110	3433	0	fishing_spot	Fishing spot
3079	3441	0	bar	Pub/bar
3081	3430	0	spinning_wheel	Spinning wheel
3085	3409	0	potters_wheel	Potters wheel
3112	3409	0	transportation	Transportation
3081	3420	0	dungeon_link	Dungeon with map link
3116	3452	0	dungeon_link	Dungeon with map link
3096	3504	0	bounty_hunter_store	Bounty Hunter Store
3080	3509	0	general_store	General store
3094	3494	0	bank	Bank
3109	3499	0	furnace	Furnace
3086	3469	0	rare_trees	Rare trees
3086	3481	0	rare_trees	Rare trees
3077	3489	0	water_source	Water source
3084	3502	0	water_source	Water source
3077	3496	0	cooking_range	Cooking range
3081	3508	0	cooking_range	Cooking range
3109	3516	0	slayer_master	Slayer Master
3089	3474	0	transportation	Transportation
3127	3496	0	transportation	Transportation
3131	3509	0	transportation	Transportation
3097	3469	0	dungeon_link	Dungeon with map link
3121	3517	0	task_master	Task Master
3092	3488	0	poll_booth	Poll booth
3105	3569	0	mining_site	Mining site
3088	3571	0	dungeon_link	Dungeon with map link
3075	3655	0	dungeon_link	Dungeon with map link
3087	3763	0	mining_site	Mining site
3125	3832	0	dungeon_link	Dungeon with map link
3072	3840	0	fishing_spot	Fishing spot
3093	3880	0	agility_short-cut	Agility short-cut
3096	3957	0	minigame	Minigame
3090	3956	0	dungeon_link	Dungeon with map link
3191	2926	0	quest_start	Quest start
3172	2912	0	mining_site	Mining site
3177	2986	0	general_store	General store
3162	2983	0	bar	Pub/bar
3173	2988	0	poll_booth	Poll booth
3173	3035	0	general_store	General store
3178	3043	0	quest_start	Quest start
3184	3042	0	transportation	Transportation
3149	3149	0	mining_site	Mining site
3170	3176	0	candle_shop	Candle shop
3169	3172	0	dungeon_link	Dungeon with map link
3150	3205	0	quest_start	Quest start
3147	3255	0	rare_trees	Rare trees
3152	3231	0	rare_trees	Rare trees
3166	3220	0	rare_trees	Rare trees
3185	3227	0	rare_trees	Rare trees
3161	3220	0	water_source	Water source
3190	3233	0	farming_patch	Farming patch
3165	3252	0	dungeon_link	Dungeon with map link
3191	3272	0	quest_start	Quest start
3191	3270	0	water_source	Water source
3166	3307	0	windmill	Windmill
3190	3275	0	dairy_churn	Dairy churn
3172	3319	0	dairy_cow	Dairy cow
3191	3362	0	quest_start	Quest start
3177	3370	0	mining_site	Mining site
3188	3352	0	cooking_range	Cooking range
3183	3356	0	farming_patch	Farming patch
3189	3355	0	dungeon_link	Dungeon with map link
3151	3362	0	agility_short-cut	Agility short-cut
3148	3447	0	bank	Bank
3186	3441	0	bank	Bank
3151	3411	0	quest_start	Quest start
3188	3427	0	anvil	Anvil
3195	3403	0	apothecary	Apothecary
3142	3446	0	cookery_shop	Cookery shop
3138	3449	0	water_source	Water source
3147	3454	0	cooking_range	Cooking range
3156	3410	0	cooking_range	Cooking range
3160	3427	0	cooking_range	Cooking range
3144	3453	0	cooking_range	Cooking range
3142	3451	0	windmill	Windmill
3148	3449	0	dairy_churn	Dairy churn
3180	3438	0	poll_booth	Poll booth
3186	3423	0	smithing_tutor	Smithing Tutor
3162	3492	0	bank	Bank
3190	3470	0	water_source	Water source
3140	3504	0	transportation	Transportation
3185	3510	0	transportation	Transportation
3167	3487	0	grand_exchange	Grand Exchange
3156	3498	0	pricing_expert_weapons_and_armours	Pricing expert (weapons and armours)
3152	3489	0	pricing_expert_logs	Pricing expert (logs)
3156	3481	0	pricing_expert_herbs	Pricing expert (herbs)
3173	3481	0	pricing_expert_runes	Pricing expert (runes)
3173	3498	0	pricing_expert_ores	Pricing expert (ores)
3140	3515	0	agility_short-cut	Agility short-cut
3162	3500	0	poll_booth	Poll booth
3170	3461	0	bond_tutor	Bond Tutor
3144	3736	0	furnace	Furnace
3143	3771	0	hunter_training	Hunter training
3193	3930	0	mining_site	Mining site
3192	3936	0	furnace	Furnace
3190	3939	0	anvil	Anvil
3187	3925	0	fishing_spot	Fishing spot
3176	3931	0	rare_trees	Rare trees
3155	3924	0	transportation	Transportation
3245	2812	0	transportation	Transportation
3249	3095	0	transportation	Transportation
3227	3108	0	dungeon_link	Dungeon with map link
3211	3135	0	agility_short-cut	Agility short-cut
3236	3155	0	quest_start	Quest start
3227	3146	0	mining_site	Mining site
3245	3153	0	fishing_spot	Fishing spot
3230	3197	0	cooking_range	Cooking range
3239	3141	0	transportation	Transportation
3246	3179	0	agility_short-cut	Agility short-cut
3259	3179	0	agility_short-cut	Agility short-cut
3240	3199	0	security_tutor	Security Tutor
3223	3148	0	mining_tutor	Mining Tutor
3244	3157	0	fishing_tutor	Fishing Tutor
3234	3195	0	cooking_tutor	Cooking Tutor
3212	3246	0	general_store	General store
3233	3203	0	axe_shop	Axe shop
3210	3221	0	bank	Bank
3212	3216	0	quest_start	Quest start
3228	3242	0	quest_start	Quest start
3241	3210	0	quest_start	Quest start
3211	3220	0	quest_start	Quest start
3212	3224	0	quest_start	Quest start
3227	3256	0	furnace	Furnace
3245	3208	0	altar	Altar
3238	3253	0	fishing_spot	Fishing spot
3239	3241	0	fishing_spot	Fishing spot
3231	3239	0	bar	Pub/bar
3250	3202	0	rare_trees	Rare trees
3208	3212	0	spinning_wheel	Spinning wheel
3205	3216	0	water_source	Water source
3222	3211	0	water_source	Water source
3222	3226	0	water_source	Water source
3229	3206	0	water_source	Water source
3212	3215	0	cooking_range	Cooking range
3214	3248	0	cooking_range	Cooking range
3242	3238	0	transportation	Transportation
3209	3218	0	dungeon_link	Dungeon with map link
3234	3214	0	task_master	Task Master
3209	3215	0	poll_booth	Poll booth
3238	3220	0	lumbridge_guide	Lumbridge Guide
3206	3221	0	bank_tutor	Bank Tutor
3227	3246	0	woodcutting_tutor	Woodcutting Tutor
3226	3253	0	smithing_tutor	Smithing Tutor
3212	3212	0	crafting_tutor	Crafting Tutor
3218	3238	0	combat_tutor	Combat Tutor
3244	3214	0	prayer_tutor	Prayer Tutor
3232	3232	0	danger_tutor	Danger Tutor
3229	3227	0	ironman_tutor	Ironman Tutor
3245	3201	0	deadman_tutor	Deadman Tutor
3225	3313	0	farming_patch	Farming patch
3226	3294	0	dairy_churn	Dairy churn
3253	3275	0	dairy_cow	Dairy cow
3259	3381	0	altar	Altar
3252	3364	0	rare_trees	Rare trees
3219	3388	0	cooking_range	Cooking range
3238	3382	0	cooking_range	Cooking range
3203	3344	0	transportation	Transportation
3244	3383	0	dungeon_link	Dungeon with map link
3240	3334	0	agility_short-cut	Agility short-cut
3220	3414	0	agility_training	Agility training
3216	3415	0	general_store	General store
3206	3399	0	sword_shop	Sword shop
3253	3403	0	magic_shop	Magic shop
3254	3420	0	bank	Bank
3205	3424	0	quest_start	Quest start
3209	3392	0	quest_start	Quest start
3260	3450	0	quest_start	Quest start
3228	3435	0	anvil	Anvil
3247	3404	0	anvil	Anvil
3255	3435	0	dummy	Dummy
3203	3437	0	staff_shop	Staff shop
3229	3440	0	platebody_shop	Platebody shop
3233	3423	0	archery_shop	Archery shop
3203	3416	0	clothes_shop	Clothes shop
3226	3397	0	bar	Pub/bar
3211	3427	0	water_source	Water source
3238	3434	0	water_source	Water source
3237	3403	0	cooking_range	Cooking range
3238	3409	0	cooking_range	Cooking range
3202	3401	0	cooking_range	Cooking range
3217	3434	0	fur_trader	Fur trader
3225	3415	0	task_master	Task Master
3251	3423	0	poll_booth	Poll booth
3220	3431	0	newspaper_trader	Newspaper trader
3209	3495	0	quest_start	Quest start
3220	3473	0	quest_start	Quest start
3228	3477	0	quest_start	Quest start
3204	3471	0	dummy	Dummy
3213	3490	0	dummy	Dummy
3254	3484	0	altar	Altar
3208	3494	0	altar	Altar
3205	3504	0	rare_trees	Rare trees
3209	3500	0	rare_trees	Rare trees
3222	3503	0	rare_trees	Rare trees
3249	3473	0	rare_trees	Rare trees
3207	3463	0	water_source	Water source
3218	3463	0	water_source	Water source
3224	3496	0	water_source	Water source
3221	3497	0	cooking_range	Cooking range
3227	3457	0	farming_patch	Farming patch
3230	3504	0	dungeon_link	Dungeon with map link
3237	3458	0	dungeon_link	Dungeon with map link
3240	3476	0	estate_agent	Estate Agent
3239	3608	0	altar	Altar
3203	3681	0	dungeon_link	Dungeon with map link
3201	3807	0	agility_short-cut	Agility short-cut
3231	3952	0	dungeon_link	Dungeon with map link
3232	3936	0	dungeon_link	Dungeon with map link
3244	3949	0	dungeon_link	Dungeon with map link
3289	2787	0	minigame	Minigame
3297	2806	0	sword_shop	Sword shop
3281	2770	0	quest_start	Quest start
3315	2797	0	dungeon	Dungeon
3281	2775	0	altar	Altar
3311	2780	0	crafting_shop	Crafting shop
3316	2790	0	spinning_wheel	Spinning wheel
3304	2770	0	food_shop	Food shop
3280	2753	0	water_source	Water source
3313	2763	0	water_source	Water source
3314	2760	0	water_source	Water source
3318	2783	0	water_source	Water source
3314	2773	0	potters_wheel	Potters wheel
3289	2814	0	transportation	Transportation
3315	2849	0	quest_start	Quest start
3323	2875	0	mining_site	Mining site
3310	2962	0	dungeon	Dungeon
3308	3119	0	bank	Bank
3303	3113	0	quest_start	Quest start
3312	3107	0	transportation	Transportation
3320	3122	0	dungeon_link	Dungeon with map link
3299	3121	0	task_master	Task Master
3310	3124	0	poll_booth	Poll booth
3286	3180	0	minigame	Minigame
3273	3195	0	agility_training	Agility training
3316	3182	0	general_store	General store
3267	3166	0	bank	Bank
3271	3159	0	quest_start	Quest start
3302	3163	0	quest_start	Quest start
3273	3186	0	furnace	Furnace
3316	3175	0	platelegs_shop	Platelegs shop
3289	3189	0	scimitar_shop	Scimitar shop
3321	3194	0	crafting_shop	Crafting shop
3267	3148	0	fishing_spot	Fishing spot
3275	3140	0	fishing_spot	Fishing spot
3275	3182	0	kebab_seller	Kebab seller
3274	3191	0	tannery	Tannery
3293	3173	0	water_source	Water source
3293	3183	0	water_source	Water source
3271	3179	0	cooking_range	Cooking range
3318	3138	0	cooking_range	Cooking range
3315	3162	0	plateskirt_shop	Plateskirt shop
3321	3141	0	transportation	Transportation
3294	3158	0	agility_short-cut	Agility short-cut
3272	3169	0	poll_booth	Poll booth
3314	3238	0	minigame	Minigame
3302	3211	0	quest_start	Quest start
3287	3212	0	gem_shop	Gem shop
3298	3202	0	silk_trader	Silk trader
3292	3202	0	cooking_range	Cooking range
3279	3213	0	transportation	Transportation
3314	3201	0	farming_patch	Farming patch
3299	3282	0	mining_site	Mining site
3299	3312	0	mining_site	Mining site
3306	3315	0	agility_short-cut	Agility short-cut
3266	3333	0	quest_start	Quest start
3287	3365	0	mining_site	Mining site
3267	3400	0	minigame	Minigame
3279	3404	0	quest_start	Quest start
3308	3454	0	quest_start	Quest start
3281	3398	0	clothes_shop	Clothes shop
3268	3392	0	bar	Pub/bar
3270	3407	0	water_source	Water source
3323	3396	0	water_source	Water source
3309	3450	0	dungeon_link	Dungeon with map link
3271	3413	0	tea_trader	Tea trader
3277	3488	0	bar	Pub/bar
3267	3494	0	rare_trees	Rare trees
3271	3471	0	rare_trees	Rare trees
3305	3470	0	rare_trees	Rare trees
3286	3488	0	cooking_range	Cooking range
3299	3480	0	transportation	Transportation
3301	3494	0	sawmill	Sawmill
3295	3673	0	hunter_training	Hunter training
3280	3930	0	cooking_range	Cooking range
3348	2827	0	agility_training	Agility training
3346	2943	0	transportation	Transportation
3351	2963	0	agility_training	Agility training
3359	2987	0	general_store	General store
3352	2974	0	kebab_seller	Kebab seller
3361	2955	0	bar	Pub/bar
3359	2971	0	water_source	Water source
3367	2969	0	water_source	Water source
3352	3001	0	transportation	Transportation
3340	3001	0	house_portal	House/POH portal
3368	2973	0	poll_booth	Poll booth
3364	3001	0	dye_trader	Dye trader
3371	3129	0	dungeon	River Elid Dungeon
3350	3164	0	minigame	Minigame
3366	3175	0	minigame	Minigame
3375	3159	0	minigame	Minigame
3368	3172	0	bank	Bank
3361	3154	0	altar	Altar
3374	3171	0	poll_booth	Poll booth
3363	3318	0	minigame	Minigame
3385	3269	0	bank	Bank
3376	3285	0	altar	Altar
3356	3312	0	rare_trees	Rare trees
3369	3312	0	rare_trees	Rare trees
3380	3273	0	poll_booth	Poll booth
3364	3337	0	quest_start	Quest start
3357	3333	0	potters_wheel	Potters wheel
3362	3448	0	transportation	Transportation
3360	3504	0	quest_start	Quest start
3372	3498	0	mining_site	Mining site
3348	3813	0	fishing_spot	Fishing spot
3363	3802	0	fishing_spot	Fishing spot
3367	3938	0	anvil	Anvil
3415	2911	0	general_store	General store
3426	2893	0	bank	Bank
3442	2911	0	quest_start	Quest start
3409	2921	0	anvil	Anvil
3406	2920	0	platelegs_shop	Platelegs shop
3425	2910	0	herbalist	Herbalist
3411	2938	0	cooking_range	Cooking range
3434	2885	0	cooking_range	Cooking range
3400	2916	0	transportation	Transportation
3426	2916	0	water_source	Water source
3441	2901	0	hunter_shop	Hunter shop
3429	2889	0	poll_booth	Poll booth
3423	3018	0	transportation	Transportation
3402	3104	0	hunter_training	Hunter training
3404	3177	0	minigame	Minigame
3416	3160	0	mining_site	Mining site
3444	3258	0	quest_start	Quest start
3440	3232	0	dungeon	Dungeon
3453	3244	0	dungeon	Dungeon
3440	3273	0	fishing_spot	Fishing spot
3410	3326	0	transportation	Transportation
3419	3326	0	agility_short-cut	Agility short-cut
3426	3409	0	fishing_spot	Fishing spot
3433	3415	0	fishing_spot	Fishing spot
3435	3487	0	minigame	Minigame
3406	3492	0	quest_start	Quest start
3405	3506	0	dungeon	Dungeon
3416	3489	0	altar	Altar
3447	3472	0	transportation	Transportation
3450	3471	0	farming_patch	Farming patch
3423	3476	0	agility_short-cut	Agility short-cut
3417	3535	0	dungeon_link	Dungeon with map link
3421	3551	0	agility_short-cut	Agility short-cut
3422	3550	0	agility_short-cut	Agility short-cut
3448	3578	0	agility_short-cut	Agility short-cut
3447	3576	0	agility_short-cut	Agility short-cut
3488	3089	0	quest_start	Quest start
3493	3090	0	dungeon	Dungeon
3511	3073	0	rare_trees	Rare trees
3469	3111	0	transportation	Transportation
3473	3192	0	fishing_spot	Fishing spot
3487	3182	0	fishing_spot	Fishing spot
3498	3174	0	fishing_spot	Fishing spot
3514	3177	0	fishing_spot	Fishing spot
3480	3240	0	minigame	Minigame
3516	3241	0	general_store	General store
3494	3211	0	bank	Bank
3493	3231	0	bar	Pub/bar
3482	3235	0	water_source	Water source
3471	3219	0	agility_short-cut	Agility short-cut
3500	3211	0	poll_booth	Poll booth
3506	3315	0	minigame	Minigame
3487	3295	0	general_store	General store
3464	3308	0	quest_start	Quest start
3496	3290	0	water_source	Water source
3519	3284	0	transportation	Transportation
3485	3321	0	dungeon_link	Dungeon with map link
3491	3297	0	poll_booth	Poll booth
3499	3380	0	transportation	Transportation
3509	3448	0	dungeon	Dungeon
3481	3433	0	fishing_spot	Fishing spot
3486	3448	0	fishing_spot	Fishing spot
3469	3433	0	transportation	Transportation
3507	3490	0	agility_training	Agility training
3476	3495	0	general_store	General store
3512	3481	0	bank	Bank
3488	3485	0	quest_start	Quest start
3503	3477	0	quest_start	Quest start
3503	3505	0	clothes_shop	Clothes shop
3497	3469	0	bar	Pub/bar
3488	3496	0	tannery	Tannery
3509	3495	0	food_shop	Food shop
3511	3509	0	slayer_master	Slayer Master
3495	3464	0	dungeon_link	Dungeon with map link
3465	3478	0	task_master	Task Master
3514	3476	0	poll_booth	Poll booth
3479	3484	0	taxidermist	Taxidermist
3529	3164	0	fishing_spot	Fishing spot
3538	3177	0	fishing_spot	Fishing spot
3546	3179	0	fishing_spot	Fishing spot
3554	3177	0	fishing_spot	Fishing spot
3560	3173	0	fishing_spot	Fishing spot
3565	3174	0	fishing_spot	Fishing spot
3523	3168	0	transportation	Transportation
3527	3210	0	furnace	Furnace
3542	3311	0	water_source	Water source
3536	3445	0	hunter_training	Hunter training
3554	3438	0	hunter_training	Hunter training
3543	3463	0	agility_training	Agility training
3543	3461	0	dungeon_link	Dungeon with map link
3583	3973	0	transportation	Transportation
3646	3212	0	poll_booth	Poll booth
3599	3496	0	transportation	Transportation
3588	3529	0	water_source	Water source
3599	3524	0	farming_patch	Farming patch
3628	3525	0	farming_shop	Farming shop 
3670	2931	0	transportation	Transportation
3681	2981	0	bank	Bank
3682	2963	0	quest_start	Quest start
3689	2956	0	scimitar_shop	Scimitar shop
3674	2970	0	fishing_shop	Fishing shop
3695	2977	0	clothes_shop	Clothes shop
3663	2981	0	bar	Pub/bar
3667	2990	0	bar	Pub/bar
3684	2953	0	transportation	Transportation
3683	2951	0	transportation	Transportation
3683	2952	0	transportation	Transportation
3711	2970	0	agility_short-cut	Agility short-cut
3677	2987	0	poll_booth	Poll booth
3650	3205	0	bank	Bank
3669	3216	0	quest_start	Quest start
3677	3219	0	dungeon	Dungeon
3662	3219	0	raids_lobby	Raids Lobby
3702	3304	0	water_source	Water source
3705	3313	0	water_source	Water source
3695	3316	0	cooking_range	Cooking range
3704	3304	0	cooking_range	Cooking range
3662	3279	0	transportation	Transportation
3685	3385	0	rare_trees	Rare trees
3697	3333	0	water_source	Water source
3697	3337	0	cooking_range	Cooking range
3697	3360	0	cooking_range	Cooking range
3675	3447	0	rare_trees	Rare trees
3678	3405	0	hunter_training	Hunter training
3658	3474	0	general_store	General store
3689	3467	0	bank	Bank
3675	3496	0	quest_start	Quest start
3678	3510	0	quest_start	Quest start
3688	3479	0	furnace	Furnace
3680	3493	0	bar	Pub/bar
3675	3467	0	cooking_range	Cooking range
3704	3487	0	transportation	Transportation
3703	3503	0	transportation	Transportation
3710	3497	0	transportation	Transportation
3681	3499	0	brewery	Brewery
3652	3519	0	dungeon_link	Dungeon with map link
3680	3498	0	dungeon_link	Dungeon with map link
3693	3461	0	poll_booth	Poll booth
3680	3535	0	quest_start	Quest start
3671	3545	0	transportation	Transportation
3681	3538	0	transportation	Transportation
3678	3733	0	rare_trees	Rare trees
3683	3758	0	rare_trees	Rare trees
3683	3775	0	rare_trees	Rare trees
3677	3755	0	transportation	Transportation
3663	3781	0	rare_trees	Rare trees
3663	3802	0	rare_trees	Rare trees
3678	3806	0	rare_trees	Rare trees
3708	3838	0	farming_patch	Farming patch
3664	3810	0	agility_short-cut	Agility short-cut
3694	3800	0	hunter_training	Hunter training
3702	3809	0	hunter_training	Hunter training
3704	3829	0	hunter_training	Hunter training
3660	3849	0	transportation	Transportation
3675	3871	0	transportation	Transportation
3678	3854	0	dungeon_link	Dungeon with map link
3685	3870	0	hunter_training	Hunter training
3755	3319	0	anvil	Anvil
3719	3307	0	dungeon	Dungeon
3727	3301	0	dungeon	Dungeon
3738	3307	0	altar	Altar
3750	3297	0	bar	Pub/bar
3721	3307	0	cooking_range	Cooking range
3725	3356	0	dungeon	Dungeon
3744	3340	0	water_source	Water source
3728	3363	0	water_source	Water source
3748	3340	0	cooking_range	Cooking range
3726	3361	0	cooking_range	Cooking range
3758	3756	0	transportation	Transportation
3726	3817	0	general_store	General store
3741	3806	0	bank	Bank
3771	3815	0	mining_site	Mining site
3732	3823	0	spinning_wheel	Spinning wheel
3746	3813	0	water_source	Water source
3734	3812	0	cooking_range	Cooking range
3724	3807	0	transportation	Transportation
3730	3822	0	loom	Loom
3746	3779	0	dungeon_link	Dungeon with map link
3713	3828	0	agility_short-cut	Agility short-cut
3715	3816	0	agility_short-cut	Agility short-cut
3730	3831	0	agility_short-cut	Agility short-cut
3745	3831	0	agility_short-cut	Agility short-cut
3740	3802	0	poll_booth	Poll booth
3772	3898	0	bank	Bank
3734	3894	0	transportation	Transportation
3765	3901	0	transportation	Transportation
3766	3898	0	dungeon_link	Dungeon with map link
3750	3850	0	hunter_training	Hunter training
3788	2824	0	windmill	Windmill
3785	2828	0	transportation	Transportation
3790	2840	0	farming_patch	Farming patch
3794	2836	0	farming_patch	Farming patch
3812	3021	0	minigame	Minigame
3811	3058	0	rare_trees	Rare trees
3825	3053	0	rare_trees	Rare trees
3833	3067	0	rare_trees	Rare trees
3815	3062	0	dungeon_link	Dungeon with map link
3830	3062	0	dungeon_link	Dungeon with map link
3792	3561	0	transportation	Transportation
3813	3810	0	minigame	Minigame
3820	3809	0	bank	Bank
3816	3808	0	dungeon_link	Dungeon with map link
3781	3822	0	agility_short-cut	Agility short-cut
1504	3398	1	transportation	Transportation
1525	3721	1	transportation	Transportation
1570	3483	1	rare_trees	Rare trees
1570	3493	1	rare_trees	Rare trees
1587	3622	1	transportation	Transportation
1643	3569	1	spinning_wheel	Spinning wheel
1630	4023	1	agility_short-cut	Agility short-cut
1674	3832	1	transportation	Transportation
1773	3485	1	water_source	Water source
1776	3492	1	cooking_range	Cooking range
1750	3736	1	water_source	Water source
1750	3747	1	water_source	Water source
1753	3759	1	water_source	Water source
1763	3738	1	water_source	Water source
1773	3751	1	water_source	Water source
1774	3736	1	water_source	Water source
1745	3735	1	cooking_range	Cooking range
1750	3752	1	cooking_range	Cooking range
1750	3764	1	cooking_range	Cooking range
1766	3751	1	cooking_range	Cooking range
1768	3734	1	cooking_range	Cooking range
1777	3733	1	cooking_range	Cooking range
1824	3692	1	transportation	Transportation
1824	3690	1	quest_start	Quest start
1829	3723	1	food_shop	Food shop
1821	3742	1	kourend_task	Kourend task
1832	3716	1	kourend_task	Kourend task
1850	3753	1	kourend_task	Kourend task
2095	3906	1	water_source	Water source
2142	3123	1	transportation	Transportation
2356	3172	1	altar	Altar
2340	3155	1	cooking_range	Cooking range
2340	3160	1	cooking_range	Cooking range
2418	3500	1	bar	Pub/bar
2463	2849	1	bank	Bank
2452	2852	1	herbalist	Herbalist
2455	2855	1	water_source	Water source
2467	2848	1	cooking_range	Cooking range
2437	3502	1	minigame	Minigame
2440	3486	1	bank	Bank
2451	3480	1	bank	Bank
2482	3513	1	clothes_shop	Clothes shop
2479	3489	1	bar	Pub/bar
2445	3501	1	food_shop	Food shop
2446	3509	1	cookery_shop	Cookery shop
2480	3482	1	cookery_shop	Cookery shop
2441	3499	1	water_source	Water source
2446	3512	1	cooking_range	Cooking range
2452	3510	1	cooking_range	Cooking range
2480	3479	1	cooking_range	Cooking range
2449	3488	1	poll_booth	Poll booth
2509	3640	1	general_store	General store
2498	3859	1	quest_start	Quest start
2578	2839	1	transportation	Transportation
2590	2851	1	transportation	Transportation
2595	3087	1	magic_shop	Magic shop
2576	3293	1	quest_start	Quest start
2580	3846	1	transportation	Transportation
2674	3143	1	transportation	Transportation
2676	3275	1	transportation	Transportation
2628	3692	1	transportation	Transportation
2658	3988	1	transportation	Transportation
2639	4041	1	agility_training	Agility training
2730	3374	1	poll_booth	Poll booth
2750	3501	1	altar	Altar
2710	3471	1	spinning_wheel	Spinning wheel
2710	3829	1	hunting_tutor	Hunting Tutor
2797	2800	1	altar	Altar
2764	2957	1	transportation	Transportation
2780	3087	1	quest_start	Quest start
2761	3238	1	transportation	Transportation
2773	3234	1	transportation	Transportation
2792	3415	1	transportation	Transportation
2805	3421	1	transportation	Transportation
2863	2996	1	bar	Pub/bar
2869	2982	1	slayer_master	Slayer Master
2834	3334	1	transportation	Transportation
2843	3545	1	minigame	Minigame
2864	3550	1	minigame	Minigame
2854	3537	1	sword_shop	Sword shop
2856	3535	1	axe_shop	Axe shop
2936	3283	1	tannery	Tannery
2936	3287	1	spinning_wheel	Spinning wheel
2897	3426	1	quest_start	Quest start
2889	3511	1	altar	Altar
3000	3032	1	transportation	Transportation
2955	3158	1	transportation	Transportation
2956	3145	1	transportation	Transportation
3038	3191	1	transportation	Transportation
3055	3244	1	transportation	Transportation
3028	3510	1	altar	Altar
3052	3498	1	altar	Altar
3081	3508	1	cooking_range	Cooking range
3144	3453	1	cooking_range	Cooking range
3148	3449	1	dairy_churn	Dairy churn
3162	3492	1	bank	Bank
3167	3487	1	grand_exchange	Grand Exchange
3156	3498	1	pricing_expert_weapons_and_armours	Pricing expert (weapons and armours)
3152	3489	1	pricing_expert_logs	Pricing expert (logs)
3156	3481	1	pricing_expert_herbs	Pricing expert (herbs)
3173	3481	1	pricing_expert_runes	Pricing expert (runes)
3173	3498	1	pricing_expert_ores	Pricing expert (ores)
3162	3500	1	poll_booth	Poll booth
3211	3220	1	quest_start	Quest start
3212	3224	1	quest_start	Quest start
3208	3212	1	spinning_wheel	Spinning wheel
3214	3248	1	cooking_range	Cooking range
3212	3212	1	crafting_tutor	Crafting Tutor
3202	3401	1	cooking_range	Cooking range
3204	3471	1	dummy	Dummy
3208	3494	1	altar	Altar
3422	3550	1	agility_short-cut	Agility short-cut
3448	3578	1	agility_short-cut	Agility short-cut
3512	3481	1	bank	Bank
3503	3505	1	clothes_shop	Clothes shop
3509	3495	1	food_shop	Food shop
3514	3476	1	poll_booth	Poll booth
3479	3484	1	taxidermist	Taxidermist
3670	2931	1	transportation	Transportation
3683	2951	1	transportation	Transportation
3683	2952	1	transportation	Transportation
3662	3219	1	raids_lobby	Raids Lobby
3703	3503	1	transportation	Transportation
3710	3497	1	transportation	Transportation
3725	3356	1	dungeon	Dungeon
3728	3363	1	water_source	Water source
3726	3361	1	cooking_range	Cooking range
1570	3483	2	rare_trees	Rare trees
1570	3493	2	rare_trees	Rare trees
1611	3679	2	bank	Bank
1617	3673	2	altar	Altar
1612	3684	2	poll_booth	Poll booth
1688	3794	2	altar	Altar
1782	3758	2	water_source	Water source
1787	3753	2	cooking_range	Cooking range
2138	3899	2	transportation	Transportation
2224	3796	2	transportation	Transportation
2467	2846	2	sword_shop	Sword shop
2464	2849	2	anvil	Anvil
2462	2845	2	platebody_shop	Platebody shop
2457	2839	2	altar	Altar
2448	2847	2	clothes_shop	Clothes shop
2457	2856	2	transportation	Transportation
2467	3486	2	sword_shop	Sword shop
2546	3112	2	quest_start	Quest start
2730	3379	2	bank	Bank
2960	3336	2	quest_start	Quest start
3210	3221	2	bank	Bank
3209	3215	2	poll_booth	Poll booth
3206	3221	2	bank_tutor	Bank Tutor
3213	3490	2	dummy	Dummy
3447	3576	2	agility_short-cut	Agility short-cut
2461	3502	3	transportation	Transportation
2339	3108	0	transportation	Spirit Tree (Poison Waste)
2330	3106	0	dungeon	Poison Waste Dungeon Entrance
3748	2973	0	dungeon	Mos Le'Harmless Caves Entrance
3727	3300	0	dungeon	Sisterhood Sanctuary Entrance
2465	4010	0	dungeon	Jormungand's Prison Entrance
2847	4043	0	dungeon	Ghorrock Dungeon Entrance
3343	3515	0	dungeon_link	Zemouregal's Base
1419	3588	0	dungeon	Giants' Den
1640	3166	0	dungeon	Fortis Barracks
1214	3559	0	dungeon	Lizardman Temple
2457	2849	0	dungeon	Myths' Guild Dungeon
1558	3047	0	dungeon	Hunter Guild Caverns
3555	4002	0	dungeon	Lithkren Vault
3233	2898	0	dungeon	Jaldraocht Pyramid
2547	3421	0	dungeon	Shadow Dungeon
3194	2925	0	dungeon	Enakhra's Temple
1248	3737	0	dungeon	Hespori Cave
1296	3374	0	dungeon	Stalker Den
1558	9451	0	dungeon	Hunter Guild Caverns
3549	10448	0	dungeon	Lithkren Vault
2845	10351	0	dungeon	Weiss Salt Mine
2913	4954	3	dungeon	Jaldraocht Pyramid
3349	9536	0	dungeon	River Elid Dungeon
2630	5071	0	dungeon	Shadow Dungeon
3117	9753	0	basement	Draynor Manor Basement
3124	9328	1	dungeon	Enakhra's Temple
2962	9650	0	dungeon	Port Sarim Rat Pits
2272	4705	0	dungeon	King Black Dragon Lair
1248	10089	0	dungeon	Hespori Cave
1286	9775	0	dungeon	Stalker Den
