# x	y	plane	key	name - missing static banks from OSRS Wiki List of banks (map coordinates)
# https://oldschool.runescape.wiki/w/List_of_banks
2383	4459	0	bank	Zanaris bank
2838	10210	0	bank	Keldagrim bank
3042	4972	0	bank	Emerald Benedict's bank
2446	5179	0	bank	Mor Ul Rek north bank
3219	9623	0	bank	Culinaromancer's Chest
3312	2799	0	bank	Sophanem bank
3195	4570	0	bank	Tarn's Lair bank
2702	5350	0	bank	Dorgesh-Kaan bank
2931	10195	0	bank	Blast Furnace bank
3119	9698	0	bank	Motherlode Mine chest
1748	3599	0	bank	Hosidius bank
1676	3616	0	bank	Hosidius Kitchen chest
1487	3593	0	bank	Shayzien bank
1549	9875	0	bank	Ent dungeon chest
3016	5625	0	bank	Ourania bank
2543	5144	0	bank	Mor Ul Rek east bank
3012	9718	0	bank	Mining Guild chest
3297	6060	0	bank	Prifddinas south bank
3257	6108	0	bank	Prifddinas north bank
3602	3366	0	bank	Darkmeyer bank
2400	5983	0	bank	Hallowed Sepulchre bank chests
3130	3632	0	bank	Ferox Enclave bank
3810	3020	0	bank	Trouble Brewing chest
3156	2837	0	bank	Unkah chest
2978	5799	0	bank	Camdozaal chest
1748	5476	0	bank	Clan Hall bank
1485	3646	0	bank	Shayzien Encampment bank chest
2904	5205	0	bank	Ancient Prison bank
3619	9473	0	bank	Guardians of the Rift chest
3462	9588	0	bank	Giants' Foundry chest
3345	2725	0	bank	Tombs of Amascut bank
3426	4064	0	bank	Daimon's Crater chests
1456	9568	0	bank	Cam Torum bank
1542	3040	0	bank	Hunter Guild bank
1780	3096	0	bank	Fortis east bank
1648	3118	0	bank	Fortis west bank
1805	9501	0	bank	Fortis Colosseum chest
3367	3318	0	bank	Mage Training Arena chest
1399	9313	0	bank	Alchemical Society chest
1520	3229	0	bank	Quetzacalli Gorge bank
3039	3000	0	bank	The Pandemonium bank crab
1936	2754	0	bank	Deepfin Point chest
2985	2268	0	bank	The Onyx Crest chest
2655	2387	0	bank	Charred Island chest
2194	2314	0	bank	Sunbleak Island chest
2097	3687	0	bank	Buccaneers' Haven chest
2011	9185	0	bank	Deepfin Mine western chest
2093	9197	0	bank	Deepfin Mine eastern chest
2809	2521	0	bank	Red Rock chest
2581	7832	0	bank	Sangvesti bank
2586	2260	0	bank	Wyrmscraig chest
