# x	y	plane	key	name
# generated_at=2026-08-31T21:05:36.342156400Z source=cache WorldMapManager labels
3239	3234	0	region_label	Lumbridge
3211	3450	0	region_label	Varrock
3217	3321	0	region_label	Kingdom of Misthalin
3313	3171	0	region_label	Al Kharid
3358	3237	0	region_label	Emir's Arena
3304	3126	0	region_label	Shantay Pass
3275	3227	0	region_label	Toll Gate
3105	3099	0	region_label	Tutorial Island
3047	3221	0	region_label	Port Sarim
2989	3355	0	region_label	Falador
3098	3488	0	region_label	Edgeville
2779	3174	0	region_label	Brimhaven
2860	3059	0	region_label	Karamja
2839	3271	0	region_label	Crandor
2850	3379	0	region_label	Entrana
3120	3267	0	region_label	Draynor Village
3126	3244	0	region_label	Jail
3080	3250	0	region_label	Market
3108	3345	0	region_label	Draynor Manor
3063	3416	0	region_label	Barbarian Village
3291	3022	0	region_label	Desert Mining Camp
3170	3038	0	region_label	Bedabin Camp
3361	3345	0	region_label	Exam Centre
3365	3419	0	region_label	Digsite
3308	3507	0	region_label	Lumber Yard
3213	3483	0	region_label	Palace
3168	3477	0	region_label	Grand Exchange
3137	3437	0	region_label	Cooks' Guild
3052	3477	0	region_label	Monastery
3016	3441	0	region_label	Dwarven Mine
3009	3487	0	region_label	Ice Mountain
3018	3522	0	region_label	Black Knights' Fortress
2963	3502	0	region_label	Goblin Village
2961	3345	0	region_label	White Knights' Castle
3005	3379	0	region_label	Park
3020	3344	0	region_label	Mining Guild
2988	3412	0	region_label	Kingdom of Asgarnia
2907	3336	0	region_label	Dark Wizards' Tower
3429	3555	0	region_label	Slayer Tower
2937	3248	0	region_label	Melzar's Maze
2960	3222	0	region_label	Rimmington
3112	3153	0	region_label	Wizards' Tower
3195	3183	0	region_label	Lumbridge Swamp
2776	3288	0	region_label	Fishing Platform
2794	3066	0	region_label	Tai Bwo Wannai
2849	2986	0	region_label	Shilo Village
2990	3055	0	region_label	Shipyard
2764	2979	0	region_label	Cairn Isle
2844	2923	0	region_label	Kharazi Jungle
3238	3610	0	region_label	Chaos Temple
3167	3673	0	region_label	Graveyard of Shadows
3036	3689	0	region_label	Bandit Camp
3030	3633	0	region_label	Dark Warriors' Fortress
2966	3697	0	region_label	Ruins
2977	3753	0	region_label	The Forgotten Cemetery
3164	3735	0	region_label	Ruins
3246	3746	0	region_label	Bone Yard
3199	3824	0	region_label	Lava Dragon Isle
3144	3781	0	region_label	Wilderness
3079	3848	0	region_label	Lava Maze
2972	3919	0	region_label	Frozen Waste Plateau
3043	3948	0	region_label	Pirates' Hideout
3107	3933	0	region_label	Mage Arena
3149	3941	0	region_label	Deserted Keep
3187	3936	0	region_label	Resource Area
3236	3945	0	region_label	Scorpion Pit
3286	3931	0	region_label	Rogues' Castle
3293	3884	0	region_label	Demonic Ruins
3379	3893	0	region_label	Fountain of Rune
2934	3526	0	region_label	Chaos Temple
2894	3501	0	region_label	Heroes' Guild
2925	3473	0	region_label	Druids' Circle
2900	3458	0	region_label	Taverley
2849	3492	0	region_label	White Wolf Mountain
2836	3457	0	region_label	Catherby
2763	3505	0	region_label	Camelot Castle
2692	3489	0	region_label	Seers' Village
2741	3574	0	region_label	Sinclair Mansion
2713	3410	0	region_label	Sorcerer's Tower
2770	3399	0	region_label	Keep Le Faye
2737	3374	0	region_label	Legends' Guild
2634	3426	0	region_label	Hemenster
2647	3480	0	region_label	McGrubor's Wood
2600	3491	0	region_label	Coal Trucks
2599	3401	0	region_label	Fishing Guild
2578	3370	0	region_label	Kingdom of Kandarin
2597	3298	0	region_label	East Ardougne
2524	3308	0	region_label	West Ardougne
2519	3370	0	region_label	Combat Training Camp
2433	3454	0	region_label	Tree Gnome Stronghold
2469	3504	0	region_label	Grand Tree
2401	3487	0	region_label	Gnomeball Field
2542	3558	0	region_label	Barbarian Outpost
2443	3315	0	region_label	Underground Pass
2522	3232	0	region_label	Battlefield
2515	3462	0	region_label	Baxtorian Falls
2528	3174	0	region_label	Tree Gnome Village
2594	3162	0	region_label	Fight Arena
2659	3189	0	region_label	Port Khazard
2549	3091	0	region_label	Yanille
2589	3077	0	region_label	Wizards' Guild
2608	3120	0	region_label	Nightmare Zone
2440	3151	0	region_label	Observatory
2669	3243	0	region_label	Necromancer's Tower
2528	3046	0	region_label	Gu'Tanoth
2546	2950	0	region_label	Feldip Hills
2570	2858	0	region_label	Corsair Cove
2457	2848	0	region_label	Myths' Guild
2614	3273	0	region_label	Ardougne Zoo
3552	3432	0	region_label	Morytania
3446	3385	0	region_label	Mort Myre Swamp
3491	3487	0	region_label	Canifis
3403	3437	0	region_label	River Salve
3167	3350	0	region_label	River Lum
3362	3485	0	region_label	Silvarea
3414	3489	0	region_label	Paterdomus Temple
2815	3193	0	region_label	Agility Arena
2895	3549	0	region_label	Burthorpe
2865	3592	0	region_label	Death Plateau
2240	3264	0	region_label	Tirannwn
2243	3186	0	region_label	Isafdar
2339	3295	0	region_label	Arandar
2240	3328	0	region_label	Prifddinas
2180	3147	0	region_label	Tyras Camp
2196	3257	0	region_label	Iorwerth Camp
2892	3678	0	region_label	Trollheim
2844	3684	0	region_label	Troll Stronghold
3491	3281	0	region_label	Mort'ton
3500	3384	0	region_label	The Hollows
2241	3098	0	region_label	Poison Waste
2432	3111	0	region_label	Castle Wars
3201	3354	0	region_label	Champions' Guild
2672	3681	0	region_label	Rellekka
2765	3608	0	region_label	Golden Apple Tree
2679	3646	0	region_label	Fremennik Province
2921	3282	0	region_label	Crafting Guild
3580	3488	0	region_label	Haunted Woods
2545	3879	0	region_label	Miscellania
2609	3874	0	region_label	Etceteria
2755	2755	0	region_label	Ape Atoll
2915	2723	0	region_label	Crash Island
2763	2784	0	region_label	Marim
3551	3551	0	region_label	Fenkenstrain's Castle
3502	3572	0	region_label	Mausoleum
2782	3863	0	region_label	Trollweiss Mountain
3444	3243	0	region_label	Abandoned Mine
3479	3098	0	region_label	Ruins of Uzer
3371	3068	0	region_label	River Elid
3226	3099	0	region_label	Kalphite Lair
3356	2980	0	region_label	Pollnivneach
3175	2977	0	region_label	Bandit Camp
3233	2900	0	region_label	Jaldraocht Pyramid
3211	2762	0	region_label	Menaphos
3298	2783	0	region_label	Sophanem
3365	2845	0	region_label	Jaleustrophos Pyramid
3569	3408	0	region_label	Graveyard
3673	3487	0	region_label	Port Phasmatys
3659	3520	0	region_label	Ectofuntus
2784	3670	0	region_label	Mountain Camp
3311	2930	0	region_label	Kharidian Desert
2857	3809	0	region_label	Ice path
2912	3744	0	region_label	God Wars Dungeon
3566	3291	0	region_label	Barrows
2464	3047	0	region_label	Jiggig
2990	3118	0	region_label	Mudskipper Point
3429	2902	0	region_label	Nardah
3363	3303	0	region_label	Mage Training Arena
2728	3715	0	region_label	Keldagrim Entrance
2522	3756	0	region_label	Waterbirth Island
2346	3180	0	region_label	Lletya
3497	3219	0	region_label	Burgh de Rott
3172	2904	0	region_label	Quarry
2435	3355	0	region_label	Outpost
3725	3028	0	region_label	Mos Le'Harmless
3786	2998	0	region_label	Trouble Brewing
2676	3436	0	region_label	Ranging Guild
3808	3560	0	region_label	Dragontooth Island
2345	3693	0	region_label	Piscatoris Fishing Colony
2622	3988	0	region_label	Here be penguins
2636	2666	0	region_label	Void Knights' Outpost
2141	3877	0	region_label	Lunar Isle
2206	3815	0	region_label	Pirates' Cove
2155	3122	0	region_label	Port Tyras
3553	3360	0	region_label	Castle Drakan
3626	3363	0	region_label	Darkmeyer
3619	3263	0	region_label	Meiyerditch
2710	3291	0	region_label	Witchaven
2854	3564	0	region_label	Warriors' Guild
2914	3161	0	region_label	Musa Point
2337	3486	0	region_label	Eagles' Peak
2525	3581	0	region_label	Barbarian Assault
2681	4048	0	region_label	Iceberg
2656	2587	0	region_label	Pest Control
2320	3821	0	region_label	Neitiznot
2392	3822	0	region_label	Jatizso
2367	3879	0	region_label	Fremennik Isles
2650	3213	0	region_label	Tower of Life
2573	3242	0	region_label	Clock Tower
2603	3218	0	region_label	Monastery
3808	2863	0	region_label	Harmony
2502	3489	0	region_label	Otto's Grotto
3129	3623	0	region_label	Clan Wars
3142	3644	0	region_label	Last Man Standing
2201	3068	0	region_label	Zul-Andra
2270	3074	0	region_label	Zulrah's shrine
1600	3700	0	region_label	Kingdom of Great Kourend
1678	3752	0	region_label	Arceuus
1750	3607	0	region_label	Hosidius
1503	3798	0	region_label	Lovakengj
1824	3704	0	region_label	Port Piscarilius
1536	3552	0	region_label	Shayzien
1624	3826	0	region_label	Library
1696	3880	0	region_label	Dark Altar
1446	3885	0	region_label	Sulphur Mine
1496	3846	0	region_label	Blast Mine
1428	3840	0	region_label	Lovakite Mine
1573	3822	0	region_label	Tower of Magic
1640	3626	0	region_label	Mess
1702	3520	0	region_label	Saltpetre
1806	3507	0	region_label	Tithe Farm
1718	3470	0	region_label	Charcoal Burners
1509	3617	0	region_label	Infirmary
1503	3707	0	region_label	Lizardman Canyon
1546	3633	0	region_label	Combat Ring
1495	3561	0	region_label	Graveyard of Heroes
1435	3710	0	region_label	Shamans
1808	3560	0	region_label	Vinery
1613	3490	0	region_label	Woodcutting Guild
1630	3968	0	region_label	Doors of Dinh
1630	4011	0	region_label	The Wintertodt
1558	3892	0	region_label	Settlement Ruins
1696	3936	0	region_label	Fishing Hamlet
1510	3434	0	region_label	Land's End
1580	3530	0	region_label	Xeric's Look out
1553	3456	0	region_label	Kourend Woodland
1570	3940	0	region_label	Unmarked Grave
1760	3424	0	region_label	Crabclaw Isle
1395	3539	0	region_label	Shayziens' Wall
1381	3470	0	region_label	Lacerta Falls
1311	3618	0	region_label	Xeric's Shrine
1308	3548	0	region_label	Lizardman Settlement
1248	3552	0	region_label	Mount Quidamortem
1445	3679	0	region_label	Chasm of Fire
3721	3781	0	region_label	Fossil Island
3730	3821	0	region_label	Museum Camp
3680	3781	0	region_label	Tar Swamp
3690	3861	0	region_label	Mushroom Forest
3780	3871	0	region_label	House on the Hill
3780	3781	0	region_label	Volcano
1510	3664	0	region_label	Shayzien Encampment
2272	4066	0	region_label	Ungael
3567	4003	0	region_label	Lithkren
1488	3636	0	region_label	War Tent
1842	3748	0	region_label	Foodhall
1626	3676	0	region_label	Kourend Castle
1265	3649	0	region_label	Kebos Lowlands
3718	3330	0	region_label	Slepe
3662	3220	0	region_label	Ver Sinhaza
3726	3360	0	region_label	Crombwick Manor
2878	3940	0	region_label	Weiss
1483	3758	0	region_label	Lovakengj Assembly
1385	3830	0	region_label	The Forsaken Tower
1311	3808	0	region_label	Mount Karuulm
1249	3739	0	region_label	Farming Guild
1368	3718	0	region_label	Battlefront
1312	3670	0	region_label	Molch
1255	3622	0	region_label	Kebos Swamp
1374	3650	0	region_label	Lake Molch
1260	3672	0	region_label	River Molch
1675	3575	0	region_label	Forthos Ruin
1668	3675	0	region_label	Kingstown
3279	3659	0	region_label	Larran's Chest
3019	3959	0	region_label	Larran's Chest
2540	3398	0	region_label	River Dougne
1615	3594	0	region_label	River Hos
2199	3409	0	region_label	Gwenith
2467	4011	0	region_label	Island of Stone
3697	3188	0	region_label	Icyene Graveyard
3151	3635	0	region_label	Ferox Enclave
3413	3182	0	region_label	Citharede Abbey
3038	3294	0	region_label	South Falador Farm
2209	2878	0	region_label	Isle of Souls
2207	2932	0	region_label	Soul Wars Arena
2210	2851	0	region_label	Soul Wars Lobby
2207	2915	0	region_label	Soul Obelisk
2163	2902	0	region_label	Western Graveyard
2254	2929	0	region_label	Eastern Graveyard
2128	2909	0	region_label	Blue Base
2287	2919	0	region_label	Red Base
2127	2893	0	region_label	Avatar of Creation
2287	2935	0	region_label	Avatar of Destruction
3171	2841	0	region_label	Ruins of Unkah
3123	2839	0	region_label	Sea Spirit Dock
3015	2847	0	region_label	Tempoross Cove
1445	3615	0	region_label	Giant Pit
1449	3514	0	region_label	Ruins of Morra
1583	3602	0	region_label	Shayzia Ruin
1630	3930	0	region_label	Northern Tundras
1842	3892	0	region_label	River of Souls
3109	3025	0	region_label	The Node
3413	2832	0	region_label	Ruins of Ullek
3335	2730	0	region_label	Necropolis
3376	3164	0	region_label	Giants' Plateau
2331	3604	0	region_label	Piscatoris
2846	3736	0	region_label	Troll Country
3512	2973	0	region_label	Ancient Vault
3489	3043	0	region_label	Uzer Oasis
3288	2798	0	region_label	Jalsavrah Pyramid
3365	2705	0	region_label	Jaltevas Pyramid
3424	4088	0	region_label	Daimon's Crater
3424	4121	0	region_label	Frozen Temple
3382	4053	0	region_label	Huntsman's Wood
3473	4036	0	region_label	Tower of Bounty
3141	3623	0	region_label	Bounty Hunter
1155	3391	0	region_label	The Stranglewood
1175	3430	0	region_label	Temple
1130	3420	0	region_label	Ritual Site
3046	3380	0	region_label	Party Room
1510	3195	0	region_label	Kingdom of Varlamore
1713	3127	0	region_label	Civitas illa Fortis
1618	3020	0	region_label	Avium Savannah
1445	3164	0	region_label	Ralos' Rise
1516	2990	0	region_label	Sunset Coast
1825	3109	0	region_label	Fortis Colosseum
1760	3146	0	region_label	Fortis Cothon
1737	3105	0	region_label	Park
1681	3108	0	region_label	Bazaar
1681	3166	0	region_label	Sunrise Palace
1713	3165	0	region_label	Grand Museum
1645	3150	0	region_label	Kualti Headquarters
1707	3064	0	region_label	Outer Fortis
1562	3154	0	region_label	Fortis Aqueduct
1570	3127	0	region_label	Ortus Farm
1450	3190	0	region_label	The Teomat
1436	3124	0	region_label	Cam Torum Entrance
1558	3048	0	region_label	Hunter Guild
1686	2991	0	region_label	Locus Oasis
1740	2969	0	region_label	Stonecutter Outpost
1640	2921	0	region_label	Colossal Wyrm Remains
1375	3117	0	region_label	River Varla
1624	3200	0	region_label	River Ortus
1391	2942	0	region_label	Aldarin
1384	2866	0	region_label	Mistrock
1506	3241	0	region_label	Quetzacalli Gorge
1570	3241	0	region_label	The Proudspire
1512	3288	0	region_label	The Darkfrost
1442	3250	0	region_label	Mons Gratia
1635	3296	0	region_label	Salvager Overlook
1360	2922	0	region_label	Moonrise Brewery and Winery
1697	3257	0	region_label	Twilight Temple
1641	3225	0	region_label	Tower of Ascension
1572	3311	0	region_label	Shipwreck Cove
1311	2920	0	region_label	Darkmoon Ravine
1448	2933	0	region_label	Villa Lucens
3293	3848	0	region_label	Callisto's Den
3321	3793	0	region_label	Silk Chasm
3223	3786	0	region_label	Vet'ion's Rest
3116	3675	0	region_label	Hunter's End
3184	3743	0	region_label	Web Chasm
3181	3682	0	region_label	Skeletal Tomb
1284	3256	0	region_label	Tempestus
1220	3113	0	region_label	Tal Teklan
1372	3044	0	region_label	Kastori
1302	3098	0	region_label	Tlati Rainforest
1405	3363	0	region_label	Auburnvale
1417	3320	0	region_label	Auburn Valley
1272	3414	0	region_label	Custodia Mountains
1268	3360	0	region_label	Custodia Pass
1306	3035	0	region_label	Crypt of Tonali
1378	3234	0	region_label	Gloomthorn Trail
1373	3313	0	region_label	Nemus Retreat
1248	3169	0	region_label	Tal Teok
2664	3102	0	region_label	Yanille Chain
2814	2972	0	region_label	River Shilo
2914	3032	0	region_label	River Amja
2855	3133	0	region_label	Musa Passage
3253	3144	0	region_label	Lum Lagoon
3269	2718	0	region_label	Elid Delta
3681	3430	0	region_label	Alloviz Estuary
3349	3618	0	region_label	Pyre Cove
3365	3937	0	region_label	Blighted Volcano
2745	3763	0	region_label	Dvergfjord
2563	3617	0	region_label	Rower's Arm
2606	3557	0	region_label	Vesmjos
2710	3527	0	region_label	Seers' Eye
2779	3553	0	region_label	Merwick Lake
2610	3444	0	region_label	Lake Hemenster
2379	3458	0	region_label	River Crannmor
2154	3425	0	region_label	Mynydd
2258	3246	0	region_label	Afon Ganol
1836	3627	0	region_label	The Dibber
1503	3960	0	region_label	The White Cliffs of Lova
1173	3489	0	region_label	Talon's Grasp
2843	3176	0	region_label	Karamja Volcano
2700	2711	0	region_label	Cape Atoll
2379	3055	0	region_label	Chompy Marsh
2284	3426	0	region_label	Gorlah
2272	3602	0	region_label	Kraken Cove
3767	2581	0	region_label	Cursed Archipelago
3042	2992	0	region_label	The Pandemonium
3187	2455	0	region_label	The Great Conch
3166	2414	0	region_label	The Summer Shore
3200	2485	0	region_label	The Sacred Grove
3105	2532	0	region_label	Abalone Cliffs
3286	2334	0	region_label	Cape Conch
2916	2790	0	region_label	Ardent Ocean
2865	2436	0	region_label	Unquiet Ocean
2104	2491	0	region_label	Shrouded Ocean
1996	3331	0	region_label	Western Ocean
2477	4085	0	region_label	Northern Ocean
1387	2629	0	region_label	Sunset Ocean
1251	3991	0	region_label	Forgotten Ocean
3575	3911	0	region_label	Untamed Ocean
3682	2854	0	region_label	Eastern Ocean
3070	3177	0	region_label	Bay of Sarim
3103	2968	0	region_label	Kharidian Sea
3184	3106	0	region_label	Lumbridge Basin
2981	3090	0	region_label	Mudskipper Sound
2887	3249	0	region_label	Rimmington Strait
2823	3410	0	region_label	Catherby Bay
2752	3263	0	region_label	Brimhaven Passage
2704	3131	0	region_label	Strait of Khazard
2623	3036	0	region_label	Gu'tanoth Bay
2699	2955	0	region_label	Feldip Gulf
2822	2851	0	region_label	Kharazi Strait
2644	2828	0	region_label	Oo'glog Channel
2849	2754	0	region_label	Arrow Passage
3057	2721	0	region_label	Menaphite Sea
2757	2636	0	region_label	The Simian Sea
3082	2878	0	region_label	The Storm Tempor
3025	2595	0	region_label	Turtle Belt
3054	2344	0	region_label	Sea of Shells
2874	2497	0	region_label	Red Reef
2759	2359	0	region_label	Anglerfish's Light
3282	2667	0	region_label	Bay of Elidinis
3337	2461	0	region_label	Tortugan Sea
3262	2237	0	region_label	Pearl Bank
2518	2316	0	region_label	The Lonely Sea
1821	3020	0	region_label	Fortis Bay
1765	2901	0	region_label	Aureum Coast
1632	2844	0	region_label	Wyrm's Waters
2530	2742	0	region_label	Mythic Sea
2388	2866	0	region_label	Breakbone Strait
2349	3002	0	region_label	Backwater
2158	3032	0	region_label	Zul-Egil
2445	2505	0	region_label	The Skullhorde
2250	2707	0	region_label	Sea of Souls
2091	2806	0	region_label	Soul Bay
2169	2558	0	region_label	Barracuda Belt
1884	2729	0	region_label	The Everdeep
1784	2578	0	region_label	Sapphire Sea
1994	2977	0	region_label	Western Gate
2278	2340	0	region_label	Rainbow Reef
1984	2397	0	region_label	Southern Expanse
1538	2933	0	region_label	Sunset Bay
1427	2747	0	region_label	Misty Sea
1239	2948	0	region_label	Dusk's Maw
1103	3045	0	region_label	Aehecatl
1157	3218	0	region_label	Aestuarium Tempestus
1190	2642	0	region_label	Calidum Reach
1510	2528	0	region_label	Ochre Sea
1278	2371	0	region_label	Horizon's End
1527	3380	0	region_label	Great Sound
1687	3427	0	region_label	Crabclaw Bay
1910	3757	0	region_label	Gulf of Kourend
1917	3597	0	region_label	Hosidian Sea
1928	3397	0	region_label	Pilgrims' Passage
1767	3241	0	region_label	Litus Lucis
2124	3205	0	region_label	Porth Neigwl
2119	3362	0	region_label	Tirannwn Bight
1982	3247	0	region_label	Crystal Sea
2163	3483	0	region_label	Porth Gwenith
2231	3679	0	region_label	Piscatoris Sea
2080	3626	0	region_label	Vagabonds Rest
2105	3814	0	region_label	Moonshadow
2593	3724	0	region_label	Fremensund
2455	3591	0	region_label	Grandroot Bay
2477	3815	0	region_label	V's Belt
2349	3747	0	region_label	Fremennik Strait
2662	3855	0	region_label	Idestia Strait
2183	3904	0	region_label	Lunar Bay
1969	3959	0	region_label	Winter's Edge
2124	4070	0	region_label	Lunar Sea
1792	4095	0	region_label	Everwinter Sea
2395	3947	0	region_label	Kannski Tides
2777	3941	0	region_label	Weissmere
2553	4014	0	region_label	Stoneheart Sea
2750	4103	0	region_label	Shiverwake Expanse
2952	4031	0	region_label	Weiss Melt
3586	3010	0	region_label	Uzer Channel
3485	2818	0	region_label	Scabaras' Shallows
3518	3145	0	region_label	Sanctuary's End
3462	2614	0	region_label	The Iron Sea
3754	2908	0	region_label	Strait of Discord
3694	3122	0	region_label	Murkshore Sea
3902	2981	0	region_label	Mos Le'Water
3892	3148	0	region_label	Eastern Ridge
3644	2674	0	region_label	Tainted Tides
3894	2691	0	region_label	Shrieking Waters
3808	2499	0	region_label	Forbidden Depths
3669	2307	0	region_label	The Accursed Sea
3755	3446	0	region_label	Gravewater Bay
3866	3330	0	region_label	Hallowed Sea
3902	3559	0	region_label	Dragon's Maw
3642	3578	0	region_label	Haunted Coast
3429	3641	0	region_label	Bleakwater Bay
3723	3694	0	region_label	Echoing Rift
3161	4067	0	region_label	The Searing Sea
3546	3776	0	region_label	Wyvern's Wake
3308	4002	0	region_label	Fiend's Passage
3925	3796	0	region_label	The Precipice
3443	3923	0	region_label	The Cinderwaters
3642	4019	0	region_label	Ancient Reef
3852	3985	0	region_label	The Eastern Doldrums
1060	3379	0	region_label	Last Gasp
1106	3553	0	region_label	Grieving Bight
1163	3734	0	region_label	Kebos Shore
1354	3876	0	region_label	Sulphur Cove
1556	4113	0	region_label	Frostgrave Depths
1447	3994	0	region_label	Lovkengj's Shroud
1141	3942	0	region_label	Dagger's Edge
1276	4070	0	region_label	The Endless Sea
2898	2837	0	region_label	Rock Island Prison
3048	2648	0	region_label	Dognose Island
3356	2205	0	region_label	The Little Pearl
2977	2271	0	region_label	The Onyx Crest
2797	2518	0	region_label	Red Rock
2857	2330	0	region_label	Last Light
2642	2405	0	region_label	Charred Island
1886	2984	0	region_label	Vatrachos Island
2477	2711	0	region_label	Anglers' Retreat
1965	3104	0	region_label	Minotaurs' Rest
2530	2533	0	region_label	Isle of Bones
2333	2770	0	region_label	Tear of the Soul
2067	2608	0	region_label	Wintumber Island
1949	2793	0	region_label	Deepfin Point
1758	2665	0	region_label	The Crown Jewel
2335	2273	0	region_label	Rainbow's End
2212	2327	0	region_label	Sunbleak Island
1850	2413	0	region_label	Isle of Serpents
1568	2786	0	region_label	Shimmering Atoll
1190	2778	0	region_label	Laguna Aurorae
1884	3435	0	region_label	Chinchompa Island
1892	3303	0	region_label	Port Roberts
2091	3181	0	region_label	Lledrith Island
2218	3476	0	region_label	Ynysdail
2080	3681	0	region_label	Buccaneers' Haven
2145	3547	0	region_label	Drumstick Isle
1948	4071	0	region_label	Brittle Isle
2913	4075	0	region_label	Grimstone
2078	2720	0	region_label	Shipyard
3718	3259	0	region_label	Slepe Sound
2600	2240	0	region_label	Wyrmscraig
2540	2220	0	region_label	Ardeaglais
2570	2250	0	region_label	Auchrie
1743	5375	0	region_label	Lower level
1743	5375	1	region_label	Upper level
1738	5356	0	region_label	Waterfiends
1762	5338	1	region_label	Mithril dragons
1773	5332	0	region_label	Brutal green dragons
1751	5290	1	region_label	Ancient Forge
2700	9774	0	region_label	Shadow warriors
2719	9744	0	region_label	Pit scorpions
2699	9688	0	region_label	Hobgoblins
2644	9702	0	region_label	Ardougne Sewers
2675	9682	0	region_label	Zombies & rocks
2659	9635	0	region_label	Rat Pits
2569	9753	0	region_label	Bats
2585	9738	0	region_label	Ogres
2586	9608	0	region_label	Ogres
2583	9659	0	region_label	Dungeon rats
2606	9638	0	region_label	Spiders
2594	9823	0	region_label	Here be goblins
2976	9632	0	region_label	Rat Pits
2930	9644	0	region_label	Melzar's Maze
2994	9571	0	region_label	Muggers
2990	9576	0	region_label	Pirates
3019	9587	0	region_label	Hobgoblins
3051	9577	0	region_label	Ice warriors & giants
3057	9547	0	region_label	Skeletal wyverns
3042	9581	1	region_label	Upper level
2965	9565	0	region_label	Ice giants
2152	5102	0	region_label	Distillery
2149	5081	0	region_label	Dead people
2159	5170	0	region_label	Nothing interesting happens here
2720	5248	0	region_label	Agility course
2715	5270	0	region_label	Wire machine
2697	5319	0	region_label	Bone collector
2719	5322	0	region_label	Market
2704	5368	0	region_label	Oldak's teleportation laboratory
2696	5277	1	region_label	Station
2718	5367	1	region_label	Council chamber
2733	5366	1	region_label	Ur-tag
2692	5304	0	region_label	Ur-meg
2716	5344	0	region_label	Ur-zek & Ur-taal
2746	5342	0	region_label	Tegdak
2723	5331	0	region_label	Ur-vass
2742	5337	1	region_label	Nursery
2744	5351	2	region_label	Zanik's bedroom
2720	5375	0	region_label	Lower level
2720	5375	1	region_label	Middle level
2720	5375	2	region_label	Upper level
3052	9809	0	region_label	Beware of the scorpions
3034	9736	0	region_label	Mining Guild
3058	9776	0	region_label	Access to Falador
2969	9819	0	region_label	Hammerspike's hangout
2985	9806	0	region_label	Boot
3712	5648	1	region_label	Motherlode Mine
3744	5695	0	region_label	Lower level
3744	5695	1	region_label	Upper level
2908	5270	0	region_label	Saradomin's Encampment
2909	5363	2	region_label	Zamorak's Fortress
2837	5280	2	region_label	Armadyl's Eyrie
2832	5344	2	region_label	Bandos's Stronghold
2875	5216	0	region_label	Ancient Prison
2913	6371	2	region_label	Main Block
2900	6433	2	region_label	Administration
2991	6351	2	region_label	Refugee Camp
2879	10201	0	region_label	Palace
2836	10166	0	region_label	Dondakan's rock
2928	10170	0	region_label	Minecarts
2930	10194	0	region_label	Blast Furnace
2914	10188	0	region_label	Brewery
2827	10213	0	region_label	Black Guard H.Q.
2862	10225	0	region_label	Library
2790	10132	0	region_label	Trolls
3167	9635	0	region_label	H.A.M. Cult
3104	9655	0	region_label	Draynor Sewers
3327	9632	0	region_label	Mine
3240	9704	0	region_label	Watermill cellar
3168	9758	0	region_label	Champions' Challenge
3102	9561	0	region_label	Wizards' Tower
3072	9763	0	region_label	Draynor Manor basement
3245	9773	0	region_label	VTAM Corporation
3196	9822	0	region_label	Bank vault
3264	9630	0	region_label	Goblin Maze
3230	9517	2	region_label	Chasm of Tears
3260	9522	2	region_label	Tears of Guthix
3220	9620	0	region_label	Lumbridge Castle cellar
3230	9546	0	region_label	Giant frogs
3110	9838	0	region_label	Hill giants
3086	9932	0	region_label	Chronozon
3263	9904	0	region_label	Here be dead stuff
3130	9935	0	region_label	Thugs
3080	9892	0	region_label	Dave's Basement of Doom
3088	9951	0	region_label	Poison spiders
3121	9899	0	region_label	Skeletons & zombies
3119	9996	0	region_label	Earth warriors
3109	9942	0	region_label	Skeletons
3092	9965	0	region_label	Black demons
3112	9932	0	region_label	Chaos druids
3123	9865	0	region_label	Hobgoblins
3179	9884	0	region_label	Red Spiders
3134	9955	0	region_label	Red Spiders
3239	9872	0	region_label	Rats
3168	9696	0	region_label	Sourhog Cave
3300	9869	0	region_label	Scurrius The Rat King
1760	5188	0	region_label	Here be a big mole
3680	9888	0	region_label	Ectofuntus
3680	9960	0	region_label	Brewery
3537	9889	0	region_label	Obstacle course
3560	9866	0	region_label	Skullball
3488	9696	0	region_label	Shades
3519	9960	0	region_label	Here be odd stuff
3424	9924	3	region_label	Slayer Tower
3423	9877	0	region_label	Mausoleum
3397	9980	3	region_label	Nechryael
3447	9970	3	region_label	Abyssal demons
3395	9930	3	region_label	Bloodvelds
3452	9935	3	region_label	Gargoyles
3847	9762	1	region_label	Lesser demons
3808	9831	1	region_label	Greater demons
3866	9775	1	region_label	Pyrefiends
3808	9762	1	region_label	The Nightmare
3808	9747	1	region_label	Shura
3667	9824	0	region_label	Here be spiders
3632	9815	0	region_label	Araxxor
3775	9407	0	region_label	Cave horrors & albino bats
3060	5578	0	region_label	Altar
3018	5578	0	region_label	Lizards & Zamorak fighters
2792	10001	0	region_label	Cave crawlers
2796	10019	0	region_label	Rock slugs
2792	10037	0	region_label	Cockatrice
2761	10012	0	region_label	Pyrefiends
2744	10004	0	region_label	Basilisks
2705	10032	0	region_label	Jellies
2716	10011	0	region_label	Turoth
2701	10001	0	region_label	Kurask
2708	9972	1	region_label	Kurask
2718	9984	0	region_label	Lower level
2718	9991	1	region_label	Upper level
1888	5184	0	region_label	War
1907	5227	0	region_label	Gift of Peace
2016	5184	0	region_label	Famine
2022	5221	0	region_label	Grain of Plenty
2144	5248	0	region_label	Pestilence
2144	5283	0	region_label	Box of Health
2336	5184	0	region_label	Death
2344	5216	0	region_label	Cradle of Life
2459	9832	0	region_label	Bloodvelds
2479	9806	0	region_label	Ankou
2457	9788	0	region_label	Aberrant Spectres
2401	9779	0	region_label	Fire giants
2424	9793	0	region_label	Hellhounds
2401	9827	0	region_label	Brimstail
2895	9833	0	region_label	Cauldron of Thunder
2908	9689	0	region_label	Black Knights' Base
2861	9845	0	region_label	Hellhounds
2812	9836	0	region_label	Fire Obelisk
2839	9829	0	region_label	Black dragons
2800	9820	1	region_label	Black dragons
2857	9806	0	region_label	Poison spiders
2861	9737	0	region_label	Dramen Tree
2851	9752	0	region_label	Greater demons
2934	9852	0	region_label	Chaos druids
2962	9784	0	region_label	Animated axes
2920	9770	0	region_label	Chaos dwarves
2938	9790	0	region_label	Lesser demons
2908	9807	0	region_label	Blue dragons
2930	9817	1	region_label	Blue dragons
2863	9780	0	region_label	Black demons
2935	9754	0	region_label	Poisonous scorpions
2842	9766	0	region_label	Zombies
2920	9972	0	region_label	Cyclopes
2860	9948	0	region_label	Ice Queen's Lair
2918	9889	0	region_label	Fountain of Heroes
2853	9872	0	region_label	Mountain dwarves
2908	9872	0	region_label	Nora T. Hagg's cellar
2900	9855	1	region_label	Upper level
1310	1253	0	region_label	Key Master
1310	1277	0	region_label	Beware of the dog
2966	9738	0	region_label	Crypt
3087	5293	0	region_label	Anger
3087	5263	0	region_label	Hopelessness
3122	5258	0	region_label	Confusion
3122	5298	0	region_label	Fear
2826	10076	0	region_label	Jail
2856	10084	0	region_label	Goutweed store
2829	10082	2	region_label	Troll generals
2848	10054	1	region_label	Burntmeat's Kitchen
2398	5160	0	region_label	Fight Pit
2400	5092	0	region_label	Fight Cave
2496	5140	0	region_label	Mor Ul Rek
2272	5337	0	region_label	The Inferno
3166	4547	0	region_label	Exit
3150	4650	0	region_label	Terror dogs
3184	4544	0	region_label	Lower level
3168	4544	1	region_label	Middle level
3152	4544	2	region_label	Upper level
2496	10112	0	region_label	Sub-level 1
2467	10147	0	region_label	Dagannoth
2522	10122	0	region_label	Dagannoth
2523	10165	0	region_label	Giant rock crabs
2506	10145	0	region_label	Wallasalki
1888	4352	3	region_label	Sub-level 2
1795	4403	3	region_label	Wallasalki
1836	4410	3	region_label	Giant rock crabs
1826	4374	3	region_label	Dagannoth
1972	4400	3	region_label	Rock lobsters
1888	4352	2	region_label	Sub-level 3
1794	4383	2	region_label	Wallasalki
1816	4398	2	region_label	Dagannoth
1812	4367	2	region_label	Giant rock crabs
1849	4382	2	region_label	Dagannoth
1939	4390	2	region_label	Rock lobsters
1888	4352	1	region_label	Sub-level 4
1802	4387	1	region_label	Wallasalki
1847	4360	1	region_label	Dagannoth
1849	4389	1	region_label	Dagannoth
1870	4408	1	region_label	Dagannoth
1944	4376	1	region_label	Rock lobsters
1888	4352	0	region_label	Sub-level 5
1898	4400	0	region_label	Rock lobsters
1895	4368	0	region_label	Dagannoth
1950	4362	0	region_label	Rock lobsters
2888	4360	0	region_label	Sub-level 6
2888	4384	0	region_label	Dagannoth Kings
3022	10354	0	region_label	Wine of Zamorak
3053	10346	0	region_label	Fire giants
3021	10328	0	region_label	Shadow spiders
3029	10312	0	region_label	Chaos dwarves
3046	10321	0	region_label	Hill giants
3022	10248	0	region_label	Greater demons
3048	10272	0	region_label	Black dragons
2272	4705	0	region_label	King Black Dragon
3070	10261	0	region_label	Poison spiders
2999	10350	0	region_label	Agility course spikes
2533	4704	0	region_label	Mage Arena bank
3046	10138	0	region_label	God Wars Dungeon
3235	10347	0	region_label	Beware of the scorpions
2986	4386	2	region_label	Corporeal Beast
3364	10161	0	region_label	Black dragons
3444	10085	0	region_label	Hellhounds
3402	10127	0	region_label	Green dragons
3414	10073	0	region_label	Green dragons
3337	10136	0	region_label	Lesser demons
3361	10121	0	region_label	Black demons
3430	10151	0	region_label	Greater demons
3359	10080	0	region_label	Ankou
3341	10058	0	region_label	Ice giants
3341	10164	0	region_label	Abyssal demons
3431	10105	0	region_label	Jellies
3336	10106	0	region_label	Greater nechryael
3441	10124	0	region_label	Dust devils
3359	10328	0	region_label	Callisto's Den
3423	10203	2	region_label	Silk Chasm
3295	10202	1	region_label	Vet'ion's Rest
2586	9489	0	region_label	Wizards' Guild
2614	9524	0	region_label	Salarin the Twisted
2576	9568	0	region_label	Poison spiders
2408	9438	0	region_label	Smoke devils
2362	9456	0	region_label	Thermonuclear Smoke Devil
2482	4452	0	region_label	Market
2447	4429	0	region_label	Throne room
2422	4375	0	region_label	Beware of the mushrooms
2452	4478	0	region_label	Shrine
2386	4427	0	region_label	Otherworldly beings
2428	4446	0	region_label	Puro-puro
2383	4380	0	region_label	Tanglefeet
3223	6161	0	region_label	Gwenith
3220	6009	0	region_label	Iorwerth Camp
3264	6016	0	region_label	Tirannwn
3363	6047	0	region_label	Arandar
3264	6080	0	region_label	Prifddinas
3772	10288	1	region_label	Underwater
3616	10208	0	region_label	Wyverns
3616	10272	0	region_label	Wyverns Task Only
3776	10176	3	region_label	Volcano Mine
3808	10112	0	region_label	Lower level
3808	10144	3	region_label	Upper level
3787	10156	0	region_label	A
3815	10172	0	region_label	B
3830	10157	0	region_label	C
2011	8989	1	region_label	Ogresses
1966	9042	1	region_label	Ogresses
2522	9299	0	region_label	Chinchompas
2060	9006	1	region_label	Bank vault
1936	8992	1	region_label	Dragons
1894	9003	1	region_label	Baby dragons
1440	10111	2	region_label	Upper level
1440	10088	2	region_label	Lesser demons
1719	10068	0	region_label	Lesser demons
1440	10111	1	region_label	Middle level
1440	10080	1	region_label	Greater demons
1438	10066	0	region_label	Black demons
1722	10087	0	region_label	Black demons
1440	10111	0	region_label	Lower level
1440	10084	0	region_label	Voice of Yama
1565	9891	0	region_label	Ents
1622	10084	0	region_label	Brutal black, blue & red dragons
1648	10095	0	region_label	Bronze & iron dragons
1602	10059	0	region_label	Steel dragons
1634	10068	0	region_label	Fire giants
1457	9907	0	region_label	Fire giants
1650	10065	0	region_label	Hellhounds
1639	10048	0	region_label	Skeletons
1663	10075	0	region_label	Hill giants
1653	10037	0	region_label	Hill giants
1635	10012	0	region_label	Hill giants
1435	9886	0	region_label	Hill giants
1664	10048	0	region_label	Altar
1801	9950	0	region_label	Altar
1670	10091	0	region_label	Abyssal demons
1701	10102	0	region_label	Greater demons
1681	10073	0	region_label	Bloodvelds
1691	10017	0	region_label	Bloodvelds
1626	10028	0	region_label	Bloodvelds
1700	10083	0	region_label	Nechryael
1694	10064	0	region_label	Ghosts
1664	10025	0	region_label	Ghosts
1686	10044	0	region_label	Moss giants
1660	10008	0	region_label	Moss giants
1424	9867	0	region_label	Moss giants
1457	9866	0	region_label	Moss giants
1724	10054	0	region_label	Jellies
1688	9999	0	region_label	Jellies
1715	10025	0	region_label	Dust devils
1714	9997	0	region_label	Sand crabs
1664	9997	0	region_label	Dagannoth
1603	10044	0	region_label	Shades
1613	10010	0	region_label	Spectres
1615	9994	0	region_label	Banshees
1642	9994	0	region_label	Ankou
1650	10018	0	region_label	Cyclopes & Axes
1640	10033	0	region_label	Animated axes
1770	10143	0	region_label	The Warrens
1683	9823	0	region_label	Crabclaw Caves
1504	9983	3	region_label	Upper level
1504	9983	2	region_label	Middle level
1504	9983	1	region_label	Lower level
1850	9939	0	region_label	Undead druids
1811	9968	0	region_label	Undead druids
1801	9939	0	region_label	Undead druids
1822	9936	0	region_label	Red dragons
1811	9951	0	region_label	Bone Burner
1842	9960	0	region_label	Temple Spiders
1844	9902	0	region_label	Sarachnis
1504	10084	0	region_label	Yama
1308	9963	0	region_label	Lizardman Caves
1312	10079	1	region_label	Lizardman Temple
1248	10089	0	region_label	Hespori
1273	10189	0	region_label	Wyrms
1263	10158	0	region_label	Wyrms
1312	10242	1	region_label	Drakes
1348	10241	1	region_label	Drakes
1311	10241	0	region_label	Hydras
1310	10269	0	region_label	Hydras
1312	10207	0	region_label	Tasakaal
1368	10270	0	region_label	Alchemical Hydra
1335	10185	1	region_label	Sulphur lizards
1280	10208	1	region_label	Greater demons
1282	10212	2	region_label	Fire giants
1342	10201	2	region_label	Hellhounds
1310	10228	2	region_label	Upper level
1318	10268	1	region_label	Middle level
1312	10292	0	region_label	Lower level
3219	12369	0	region_label	Kurask
3254	12384	0	region_label	Kurask
3227	12397	0	region_label	Dark beasts
3165	12431	0	region_label	Dark beasts
3183	12456	0	region_label	Waterfiends
3228	12459	0	region_label	Nechryael
3223	12422	0	region_label	Nechryael
3253	12468	0	region_label	Moss giants
3238	12437	0	region_label	Bloodvelds
3251	12421	0	region_label	Bloodvelds
3298	12453	0	region_label	Trahaearn Mine
3035	6051	0	region_label	Zalcano
3033	6115	1	region_label	The Gauntlet
3184	12405	0	region_label	Elves
2623	6207	2	region_label	Upper level
2623	6207	1	region_label	Middle level
2623	6207	0	region_label	Lower level
3456	5824	0	region_label	Desert Island
3431	5845	0	region_label	The Mountain
3500	5873	0	region_label	Trinity Outpost
3406	5804	0	region_label	Debtor Hideout
3476	5791	0	region_label	Moser Settlement
3463	5767	0	region_label	Rocky Outcrop
1696	6104	0	region_label	Tutorial Island
3552	6120	0	region_label	Wild Varrock
3496	6072	0	region_label	Hut
3567	6054	0	region_label	Stone Circle
3598	6067	0	region_label	Court of Chaos
3497	6118	0	region_label	Old Manor
3552	6107	0	region_label	Town Center
3594	6113	0	region_label	Blank Tower
3500	6169	0	region_label	Trading Post
3552	6160	0	region_label	Dark Warrior's Palace
3598	6164	0	region_label	Pillars of Sacrifice
2956	5806	0	region_label	Ramarno
2971	5823	0	region_label	Camdozaal Vault
2937	5773	0	region_label	Offering Altar
3010	5798	0	region_label	Golem Workshop
2924	5814	0	region_label	Camdozaal Mines
2970	4794	0	region_label	Sire
2980	4857	0	region_label	Sire
3105	4858	0	region_label	Sire
3110	4793	0	region_label	Sire
2584	6441	0	region_label	Palace
2592	6369	0	region_label	Science District
2657	6427	0	region_label	Residential District
2656	6372	0	region_label	Sunken Cathedral
3370	11487	0	region_label	Kovac
3474	9493	2	region_label	Soldiers
3308	9530	0	region_label	Soldiers
3330	9486	0	region_label	Soldiers
3510	9498	2	region_label	Guardians
3278	9485	0	region_label	Guardians
3488	9504	0	region_label	Queen's Chamber
3298	9503	0	region_label	Kalphite Cave
3488	9535	0	region_label	Kalphite Lair
1481	9506	1	region_label	Wolf Den
1558	9459	1	region_label	Hunter Guild
1825	9509	0	region_label	Fortis Colosseum
1685	9516	0	region_label	Crypt
1641	9576	0	region_label	Barracks
1394	9327	0	region_label	Alchemical Society
1451	9329	0	region_label	Villa Lucens
1360	9316	0	region_label	Moonrise Brewery and Winery
1286	9775	0	region_label	Stalker Den
1247	9503	0	region_label	Dragon Nest
1440	9568	1	region_label	Cam Torum
1508	9542	1	region_label	Mine
1440	9556	1	region_label	Market
1440	9518	1	region_label	City Entrance
1440	9600	1	region_label	Neypotzli Entrance
1414	9590	1	region_label	Highlord's Chamber
1393	9635	0	region_label	The Blood Moon
1441	9683	0	region_label	The Blue Moon
1489	9635	0	region_label	The Eclipse Moon
1377	9700	0	region_label	Earthbound Cavern
1505	9700	0	region_label	Streambound Cavern
1441	9633	1	region_label	Antechamber
1366	9568	0	region_label	Ancient Prison
1514	9583	0	region_label	Ancient Shrine
2663	9570	0	region_label	Moss giants
2666	9523	0	region_label	Dogs
2664	9495	0	region_label	Fire giants
2710	9521	0	region_label	Red dragons
2712	9485	0	region_label	Black demons
2736	9497	0	region_label	Bronze dragons
2721	9446	0	region_label	Iron & steel dragons
2656	9440	0	region_label	Bronze, iron & steel dragons
2659	9599	2	region_label	Upper level
2634	9563	2	region_label	Fire giants
2634	9499	2	region_label	Greater demons
2669	9578	2	region_label	Baby green dragons
2784	9568	0	region_label	Agility Arena
2848	9504	0	region_label	Jogres
2848	9496	1	region_label	Jogres
2848	9535	1	region_label	Upper level
2836	9653	0	region_label	Skeletons
2856	9638	0	region_label	Elvarg
2836	9610	0	region_label	Lesser demons
2834	9561	0	region_label	Lesser demons
2834	9586	0	region_label	Red Spiders
2857	9572	0	region_label	Skeletons
3070	9387	0	region_label	The Pandemonium
3107	8868	0	region_label	Gryphons
3232	8865	0	region_label	Gryphons
3179	8876	0	region_label	Shellbane  Gryphon
3298	8864	1	region_label	Coral Nurseries
2687	8865	0	region_label	Charred Dungeon
2593	8639	0	region_label	Wyrmscraig Cavern
2158	9336	0	region_label	Greater demons
2121	9330	0	region_label	Fire giants
2127	9306	0	region_label	Blue dragons
2154	9296	0	region_label	Iron dragons
2016	9194	0	region_label	Deepfin Mine
2227	8738	0	region_label	Sunbleak Cave
1182	9200	0	region_label	Kurask Lair
1951	9508	0	region_label	Here be minotaurs
2271	9881	0	region_label	Ynysdail Cavern
2081	10073	0	region_label	Buccaneers' Laboratory
2339	10337	2	region_label	Essence Mine
2400	10272	1	region_label	Trolls
2518	10258	0	region_label	Miscellania Expansion
2600	10275	0	region_label	Sea snakes
2656	10400	0	region_label	Here be penguins
2845	10343	0	region_label	Salt Mine
2479	10406	0	region_label	Basilisks
2464	10402	0	region_label	Basilisks
2455	10388	0	region_label	Basilisk Knights
2420	10390	0	region_label	Basilisk Knights
2420	10422	0	region_label	Dagannoth
2449	10441	0	region_label	Dagannoth
2479	10439	0	region_label	Dagannoth
2890	10467	0	region_label	Grimstone Dungeon
2507	7841	0	region_label	Castle Drakan
2596	7840	0	region_label	Sangvesti
2771	7832	0	region_label	Sotfa Forest
2710	7853	0	region_label	Ruined Village
2597	7777	0	region_label	Apsul Hunting Ground
2509	7758	0	region_label	Virer Hunting Ground
