# Curated quest metadata, migrated from QuestDetailsData.java.
# Columns: map key, title, category, detail lines...
Burial at Sea	Burial at Sea	Quest Start • Intermediate	Start: Talk to the quest giver nearby to begin	Difficulty: Intermediate • Length: Short	Reward: 2 Quest Points, Hunt down a pair of wannabe pirates and unlock...	Requirements: None
A Kingdom Divided	A Kingdom Divided	Quest Start • Experienced	Start: Talk to Martin Holt at the entrance to Kourend Castle in Kingstown.	Difficulty: Experienced • Length: Long	Reward: 2 Quest Points, The Book of the Dead	Requirements: The Depths of Despair; The Queen of Thieves
A Night at the Theatre	A Night at the Theatre	Quest Start • Master	Start: Talk to the Mysterious Stranger inside Ver Sinhaza, south-east...	Difficulty: Master • Length: Medium	Reward: 2 Quest Points, Four antique lamps, each offering 20,000...	Requirements: A Taste of Hope; Darkness of Hallowvale
A Porcine of Interest	A Porcine of Interest	Quest Start • Novice	Start: Read the town notice board in Draynor Village, behind...	Difficulty: Novice • Length: Very Short	Reward: 1 Quest Point, 5,000 coins	Requirements: None
A Ruff Situation	A Ruff Situation	Quest Start • Novice	Start: Talk to Talia in the Dog Shelter just south-west of the...	Difficulty: Novice • Length: Short	Reward: 1 Quest Point, 1,000 Crafting experience	Requirements: 15 Crafting
A Soul's Bane	A Soul's Bane	Quest Start • Intermediate	Start: Talk to Launa east of Varrock, just south of the Earth Altar.	Difficulty: Intermediate • Length: Short	Reward: 1 Quest Point, 500 Defence experience	Requirements: The ability to defeat level 45+ enemies.
A Tail of Two Cats	A Tail of Two Cats	Quest Start • Intermediate	Start: Talk to Unferth at his house in Burthorpe.	Difficulty: Intermediate • Length: Medium	Reward: 2 Quest Points, A Doctor's hat or Nurse hat (you can switch by...	Requirements: Icthlarin's Little Helper; Gertrude's Cat
A Taste of Hope	A Taste of Hope	Quest Start • Experienced	Start: Talk to Garth in Ver Sinhaza by the entrance to the Theatre of...	Difficulty: Experienced • Length: Medium	Reward: 1 Quest Point, Ivandis flail - A weapon that can damage the...	Requirements: Darkness of Hallowvale; In Aid of the Myreque
Alfred Grimhand's Barcrawl	Alfred Grimhand's Barcrawl	Quest Start • Novice	Start: Speak to the barbarian guard at the entrance of the Barbarian...	Difficulty: Novice • Length: Medium	Reward: 0 Quest Points, Embark on a Barbarian rite of passage.	Requirements: None
Animal Magnetism	Animal Magnetism	Quest Start • Intermediate	Start: Talk to Ava in Draynor Manor.	Difficulty: Intermediate • Length: Medium	Reward: 1 Quest Point, 1,000 Crafting experience	Requirements: The Restless Ghost; Ernest the Chicken; Priest in Peril
Another Slice of H.A.M.	Another Slice of H.A.M.	Quest Start • Intermediate	Start: Talk to Ur-tag in Dorgesh-Kaan.	Difficulty: Intermediate • Length: Short	Reward: 1 Quest Point, 3,000 Mining experience	Requirements: 15 Attack; 25 Prayer; Death to the Dorgeshuun
At First Light	At First Light	Quest Start • Intermediate	Start: Talk to Guildmaster Apatura at the Hunter Guild.	Difficulty: Intermediate • Length: Short	Reward: 1 Quest Point, 4,500 Hunter experience	Requirements: 46 Hunter; 30 Herblore; 27 Construction
Barbarian Training	Barbarian Training	Quest Start • Experienced	Start: Speak to Otto Godblessed in his grotto at the lake atop...	Difficulty: Experienced • Length: Medium	Reward: 0 Quest Points, Unlock the strength of a Barbarian.	Requirements: 55 Fishing; 35 Firemaking; 35 Strength
Bear Your Soul	Bear Your Soul	Quest Start • Intermediate	Start: Speak to Aretha after reading a book called Soul Journey in the...	Difficulty: Intermediate • Length: Short	Reward: 0 Quest Points, Gain the Soul Bearer.	Requirements: None
Below Ice Mountain	Below Ice Mountain	Quest Start • Novice	Start: Talk to Willow on the path south of Ice Mountain.	Difficulty: Novice • Length: Short	Reward: 1 Quest Point, 2,000 coins	Requirements: 16 Quest
Beneath Cursed Sands	Beneath Cursed Sands	Quest Start • Master	Start: Talk to Jamila at her stall in Sophanem.	Difficulty: Master • Length: Medium	Reward: 2 Quest Points, 50,000 Agility experience	Requirements: Contact!; Prince Ali Rescue; Icthlarin's Little Helper
Between a Rock...	Between a Rock...	Quest Start • Experienced	Start: Talk to Dondakan the Dwarf at the Keldagrim south-west mine.	Difficulty: Experienced • Length: Medium	Reward: 2 Quest Points, 5,000 Defence experience	Requirements: Dwarf Cannon; Fishing Contest; 30 Defence
Big Chompy Bird Hunting	Big Chompy Bird Hunting	Quest Start • Intermediate	Start: Talk to Rantz by the eastern coast of Feldip Hills, east of...	Difficulty: Intermediate • Length: Short	Reward: 2 Quest Points, 262 Fletching experience	Requirements: 5 Fletching; 30 Cooking; 30 Ranged
Biohazard	Biohazard	Quest Start • Novice	Start: Talk to Elena in her house in East Ardougne.	Difficulty: Novice • Length: Short	Reward: 3 Quest Points, 1,250 Thieving experience	Requirements: None
Black Knights' Fortress	Black Knights' Fortress	Quest Start • Intermediate	Start: Talk to Sir Amik Varze on the 3rd floor of White Knights' Castle's...	Difficulty: Intermediate • Length: Very Short	Reward: 3 Quest Points, 2,500 Coins	Requirements: 12 Quest points
Bone Voyage	Bone Voyage	Quest Start • Intermediate	Start: Talk to Curator Haig Halen in the Varrock Museum.	Difficulty: Intermediate • Length: Short	Reward: 1 Quest Point, Access to Fossil Island - to disembark the boat...	Requirements: 100 Kudos; The Dig Site
Cabin Fever	Cabin Fever	Quest Start • Experienced	Start: Talk to Bill Teach at The Green Ghost inn in Port Phasmatys.	Difficulty: Experienced • Length: Short	Reward: 2 Quest Points, 7,000 Crafting experience	Requirements: Pirate's Treasure; Rum Deal; Zogre Flesh Eaters
Children of the Sun	Children of the Sun	Quest Start • Novice	Start: Talk to Noah or Alina in Varrock square.	Difficulty: Novice • Length: Very Short	Reward: 1 Quest Point, Access to Varlamore through the Quetzal...	Requirements: None
Client of Kourend	Client of Kourend	Quest Start • Novice	Start: Talk to Veos at Port Piscarilius.	Difficulty: Novice • Length: Short	Reward: 1 Quest Point, Two antique lamps which provide 500 experience...	Requirements: X Marks the Spot
Clock Tower	Clock Tower	Quest Start • Novice	Start: Talk to Brother Kojo in the Clock Tower south of East Ardougne.	Difficulty: Novice • Length: Very Short	Reward: 1 Quest Point, 500 coins	Requirements: The ability to run past level 53 Ogres
Cold War	Cold War	Quest Start • Intermediate	Start: Talk to Larry at Ardougne Zoo.	Difficulty: Intermediate • Length: Medium	Reward: 1 Quest Point, 2,000 Crafting experience	Requirements: 10 Hunter; 30 Agility
Contact!	Contact!	Quest Start • Experienced	Start: Talk to the High Priest of Icthlarin in Sophanem.	Difficulty: Experienced • Length: Short	Reward: 1 Quest Point, 7,000 Thieving experience	Requirements: Prince Ali Rescue; Icthlarin's Little Helper; Gertrude's Cat
Cook's Assistant	Cook's Assistant	Quest Start • Novice	Start: Talk to the Cook in the kitchen of Lumbridge Castle.	Difficulty: Novice • Length: Very Short	Reward: 1 Quest Point, 300 Cooking experience	Requirements: None
Crab Quest	Crab Quest	Quest Start • Intermediate	Start: Sail to Dognose Island (north-west of the Great Conch) and drink...	Difficulty: Intermediate • Length: Short	Reward: 1 Quest Point, 10,000 Sailing experience	Requirements: 40 Sailing; 30 Fishing
Creature of Fenkenstrain	Creature of Fenkenstrain	Quest Start • Intermediate	Start: Read the signpost in the middle of Canifis.	Difficulty: Intermediate • Length: Medium	Reward: 2 Quest Points, 1,000 Thieving experience	Requirements: Partial completion of The Restless Ghost; 20 Crafting
Current Affairs	Current Affairs	Quest Start • Novice	Start: Talk to Arhein on the Catherby docks.	Difficulty: Novice • Length: Short	Reward: 1 Quest Point, 1,400 Sailing experience	Requirements: 22 Sailing; 10 Fishing
Curse of the Empty Lord	Curse of the Empty Lord	Quest Start • Experienced	Start: Talk to the mysterious ghost (Valdez) near Glarial's Tomb.	Difficulty: Experienced • Length: Medium	Reward: 0 Quest Points, Gain a set of Ghostly Robes.	Requirements: Started Desert Treasure I and The Restless Ghost
Daddy's Home	Daddy's Home	Quest Start • Novice	Start: Speak to Marlo in the Estate Agent's house in north-east Varrock.	Difficulty: Novice • Length: Short	Reward: 0 Quest Points, Learn about the Construction skill.	Requirements: None
Darkness of Hallowvale	Darkness of Hallowvale	Quest Start • Experienced	Start: Talk to Veliaf Hurtz in the basement of the Burgh de Rott inn.	Difficulty: Experienced • Length: Long	Reward: 2 Quest Points, 7,000 Agility experience	Requirements: In Aid of the Myreque; In Search of the Myreque
Death Plateau	Death Plateau	Quest Start • Novice	Start: Talk to Denulth in his tent in Burthorpe.	Difficulty: Novice • Length: Short	Reward: 1 Quest Point, 3,000 Attack experience	Requirements: None
Death on the Isle	Death on the Isle	Quest Start • Intermediate	Start: Talk to Patzi by the entrance to Villa Lucens.	Difficulty: Intermediate • Length: Medium	Reward: 2 Quest Points, 10,000 Thieving experience	Requirements: 34 Thieving; 32 Agility; Children of the Sun
Death to the Dorgeshuun	Death to the Dorgeshuun	Quest Start • Intermediate	Start: Talk to Mistag in the Dorgesh-Kaan mine.	Difficulty: Intermediate • Length: Medium	Reward: 1 Quest Point, 2,000 Thieving experience	Requirements: The Lost Tribe; Goblin Diplomacy; Rune Mysteries
Defender of Varrock	Defender of Varrock	Quest Start • Experienced	Start: Talk to Elias White in the Jolly Boar Inn.	Difficulty: Experienced • Length: Medium	Reward: 2 Quest Points, 15,000 Smithing experience	Requirements: 55 Smithing; 52 Hunter; Shield of Arrav
Demon Slayer	Demon Slayer	Quest Start • Novice	Start: Talk to Aris in the tent on the western side of Varrock Square.	Difficulty: Novice • Length: Short	Reward: 3 Quest Points, Silverlight (if lost, players may retrieve it...	Requirements: The ability to defeat a level 27 demon aided by three...
Desert Treasure I	Desert Treasure I	Quest Start • Master	Start: Talk to Asgarnia Smith at the Bedabin Camp.	Difficulty: Master • Length: Long	Reward: 3 Quest Points, 20,006.9 Magic experience	Requirements: The Dig Site; Temple of Ikov; The Tourist Trap
Desert Treasure II - The Fallen Empire	Desert Treasure II - The Fallen Empire	Quest Start • Grandmaster	Start: Investigate the Ancient Vault north-east of Nardah.	Difficulty: Grandmaster • Length: Very Long	Reward: 5 Quest Points, Three ancient lamps, each offering 100,000...	Requirements: 75 Firemaking; 75 Magic; 70 Thieving
Devious Minds	Devious Minds	Quest Start • Experienced	Start: Talk to the monk outside the Paterdomus Temple, at the northern...	Difficulty: Experienced • Length: Short	Reward: 1 Quest Point, 5,000 Fletching experience	Requirements: 65 Smithing; 50 Runecraft; 50 Fletching
Doric's Quest	Doric's Quest	Quest Start • Novice	Start: Talk to Doric in the small house north of Falador, just outside...	Difficulty: Novice • Length: Very Short	Reward: 1 Quest Point, 1,300 Mining experience	Requirements: None
Dragon Slayer I	Dragon Slayer I	Quest Start • Experienced	Start: Talk to the Guildmaster in the Champions' Guild.	Difficulty: Experienced • Length: Medium	Reward: 2 Quest Points, 18,650 Strength experience	Requirements: 32 Quest points to enter the Champions' Guild
Dragon Slayer II	Dragon Slayer II	Quest Start • Grandmaster	Start: Talk to Alec Kincade outside the Myths' Guild.	Difficulty: Grandmaster • Length: Very Long	Reward: 5 Quest Points, 80,000 Smithing experience	Requirements: 200 Quest; 75 Magic; 70 Smithing
Dream Mentor	Dream Mentor	Quest Start • Master	Start: Talk to the fallen man in the small cave in the Lunar Isle mine.	Difficulty: Master • Length: Medium	Reward: 2 Quest Points, 15,000 Hitpoints experience	Requirements: 85 Combat; Lunar Diplomacy; The Fremennik Trials
Druidic Ritual	Druidic Ritual	Quest Start • Novice	Start: Talk to Kaqemeex in the stone circle north of Taverley.	Difficulty: Novice • Length: Very Short	Reward: 4 Quest Points, 250 Herblore experience	Requirements: None
Dwarf Cannon	Dwarf Cannon	Quest Start • Novice	Start: Talk to Captain Lawgof, south of the Coal Trucks, north-west of...	Difficulty: Novice • Length: Short	Reward: 1 Quest Point, 750 Crafting experience	Requirements: None
Eadgar's Ruse	Eadgar's Ruse	Quest Start • Intermediate	Start: Talk to Sanfew on the 1st floor of the herbalist shop in Taverley.	Difficulty: Intermediate • Length: Medium	Reward: 1 Quest Point, 11,000 Herblore experience	Requirements: Druidic Ritual; Troll Stronghold; Death Plateau
Eagles' Peak	Eagles' Peak	Quest Start • Novice	Start: Talk to Charlie at the Ardougne Zoo.	Difficulty: Novice • Length: Short	Reward: 2 Quest Points, 2500 Hunter experience	Requirements: 27 Hunter
Elemental Workshop I	Elemental Workshop I	Quest Start • Novice	Start: Search the bookcase in the house immediately south-west of the...	Difficulty: Novice • Length: Very Short	Reward: 1 Quest Point, 5,000 Crafting experience	Requirements: 20 Mining; 20 Smithing; 20 Crafting
Elemental Workshop II	Elemental Workshop II	Quest Start • Intermediate	Start: Search the bookcases in the Exam Centre's library.	Difficulty: Intermediate • Length: Short	Reward: 1 Quest Point, 7,500 Smithing experience	Requirements: 20 Magic; 30 Smithing
Enakhra's Lament	Enakhra's Lament	Quest Start • Experienced	Start: Talk to Lazim just north-east of the Desert Quarry.	Difficulty: Experienced • Length: Medium	Reward: 2 Quest Points, 7,000 Crafting experience	Requirements: 50 Crafting; 45 Firemaking; 43 Prayer
Enlightened Journey	Enlightened Journey	Quest Start • Intermediate	Start: Talk to Auguste on Entrana.	Difficulty: Intermediate • Length: Short	Reward: 1 Quest Point, 2,000 Crafting experience	Requirements: 20 Quest; 20 Firemaking; 30 Farming
Enter the Abyss	Enter the Abyss	Quest Start • Intermediate	Start: Speak to the Mage of Zamorak at the end of the River Lum in the...	Difficulty: Intermediate • Length: Very Short	Reward: 0 Quest Points, Gain access to the Abyss.	Requirements: None
Ernest the Chicken	Ernest the Chicken	Quest Start • Novice	Start: Talk to Veronica, south of Draynor Manor by the gate.	Difficulty: Novice • Length: Very Short	Reward: 4 Quest Points, 300 Coins	Requirements: The ability to defend from a level 22 Skeleton.
Ethically Acquired Antiquities	Ethically Acquired Antiquities	Quest Start • Novice	Start: Inspect the empty display on the ground floor of the Grand...	Difficulty: Novice • Length: Short	Reward: 1 Quest Point, 6,000 Thieving experience	Requirements: 25 Thieving; Children of the Sun; Shield of Arrav
Fairytale I - Growing Pains	Fairytale I - Growing Pains	Quest Start • Intermediate	Start: Talk to Martin the Master Gardener by the pig pen in Draynor...	Difficulty: Intermediate • Length: Medium	Reward: 2 Quest Points, Magic secateurs (increases some crop harvests...	Requirements: Lost City; Nature Spirit; Priest in Peril
Fairytale II - Cure a Queen	Fairytale II - Cure a Queen	Quest Start • Experienced	Start: Talk to Martin the Master Gardener by the pig pen in Draynor...	Difficulty: Experienced • Length: Medium	Reward: 2 Quest Points, 3,500 Herblore experience	Requirements: Fairytale I - Growing Pains; Lost City; Nature Spirit
Fallen From Grace	Fallen From Grace	Quest Start • Experienced	Start: Talk to Cormac, the mayor of Auchrie, on the island of Wyrmscraig.	Difficulty: Experienced • Length: Short	Reward: 2 Quest Points, 10,000 Crafting experience	Requirements: 62 Sailing; 60 Crafting; 47 Runecraft
Family Crest	Family Crest	Quest Start • Experienced	Start: Talk to Dimintheis in south-eastern Varrock.	Difficulty: Experienced • Length: Medium	Reward: 1 Quest Point, Steel gauntlets	Requirements: 40 Mining; 40 Smithing; 59 Magic
Family Pest	Family Pest	Quest Start • Intermediate	Start: Speak to Dimintheis in south-east Varrock.	Difficulty: Intermediate • Length: Short	Reward: 0 Quest Points, Gain the ability to own all Skill-imbued Gauntlets.	Requirements: None
Fight Arena	Fight Arena	Quest Start • Intermediate	Start: Talk to Lady Servil west of the Ardougne Monastery, just outside...	Difficulty: Intermediate • Length: Short	Reward: 2 Quest Points, 12,175 Attack experience	Requirements: The ability to defeat level 44, 63 and 137 enemies (all...
Fishing Contest	Fishing Contest	Quest Start • Novice	Start: Talk to Austri east of White Wolf Mountain or Vestri to the west...	Difficulty: Novice • Length: Very Short	Reward: 1 Quest Point, 2,437 Fishing experience	Requirements: 10 Fishing
Forgettable Tale...	Forgettable Tale...	Quest Start • Intermediate	Start: Talk to Commander Veldaban in the Dwarven Black Guard...	Difficulty: Intermediate • Length: Long	Reward: 2 Quest Points, 5,000 Cooking experience	Requirements: 22 Cooking; 17 Farming; The Giant Dwarf
Garden of Tranquillity	Garden of Tranquillity	Quest Start • Intermediate	Start: Talk to Queen Ellamaria in the garden of Varrock Palace.	Difficulty: Intermediate • Length: Long	Reward: 2 Quest Points, 5,000 Farming experience	Requirements: 25 Farming; Creature of Fenkenstrain; Priest in Peril
Gertrude's Cat	Gertrude's Cat	Quest Start • Novice	Start: Talk to Gertrude in her house just west of Varrock.	Difficulty: Novice • Length: Very Short	Reward: 1 Quest Point, 1,525 Cooking experience	Requirements: None
Getting Ahead	Getting Ahead	Quest Start • Intermediate	Start: Talk to Gordon on his farm south of the Farming Guild.	Difficulty: Intermediate • Length: Short	Reward: 1 Quest Point, 3,000 coins — If not claimed at quest completion...	Requirements: 30 Crafting; 26 Construction
Ghosts Ahoy	Ghosts Ahoy	Quest Start • Intermediate	Start: Talk to Velorina in Port Phasmatys.	Difficulty: Intermediate • Length: Medium	Reward: 2 Quest Points, 2,400 Prayer experience	Requirements: Completed Priest in Peril; Completed The Restless Ghost
Goblin Diplomacy	Goblin Diplomacy	Quest Start • Novice	Start: Talk to General Bentnoze or General Wartface in Goblin Village.	Difficulty: Novice • Length: Very Short	Reward: 5 Quest Points, 200 Crafting experience	Requirements: None
Grim Tales	Grim Tales	Quest Start • Master	Start: Talk to Sylas in Taverley, just south of the house portal.	Difficulty: Master • Length: Medium	Reward: 1 Quest Point, 60,000 Woodcutting experience	Requirements: Witch's House; 45 Farming; 52 Herblore
Haunted Mine	Haunted Mine	Quest Start • Experienced	Start: Talk to the Zealot by the Abandoned Mine in the south-western...	Difficulty: Experienced • Length: Short	Reward: 2 Quest Points, 22,000 Strength experience	Requirements: Priest in Peril; 35 Crafting
Hazeel Cult	Hazeel Cult	Quest Start • Novice	Start: Talk to Ceril Carnillean in East Ardougne, just north of the...	Difficulty: Novice • Length: Very Short	Reward: 1 Quest Point, 1,500 thieving Thieving experience	Requirements: Able to defeat a level 13 cultist (this applies only if...
Heroes' Quest	Heroes' Quest	Quest Start • Experienced	Start: Talk to Achietties by the entrance to the Heroes' Guild, between...	Difficulty: Experienced • Length: Medium	Reward: 1 Quest Point, 3,075 Attack experience	Requirements: A partner; 55 Quest; 53 Cooking
His Faithful Servants	His Faithful Servants	Quest Start • Experienced	Start: Speak to the Strange Old Man wandering in the Barrows, east of...	Difficulty: Experienced • Length: Very Short	Reward: 0 Quest Points, Take on the Barrows Brothers.	Requirements: Priest in Peril
Holy Grail	Holy Grail	Quest Start • Intermediate	Start: Talk to King Arthur in Camelot.	Difficulty: Intermediate • Length: Short	Reward: 2 Quest Points, 11,000 Prayer experience	Requirements: Merlin's Crystal; 20 Attack
Hopespear's Will	Hopespear's Will	Quest Start • Master	Start: Speak to Hopespear in the crypt of the Goblin Temple.	Difficulty: Master • Length: Short	Reward: 0 Quest Points, Gain great Prayer XP.	Requirements: Started The Restless Ghost; 50 Prayer
Horror from the Deep	Horror from the Deep	Quest Start • Intermediate	Start: Talk to Larrissa outside the Lighthouse north of Barbarian Outpost.	Difficulty: Intermediate • Length: Short	Reward: 2 Quest Points, 4,662.5 Magic experience	Requirements: 35 Agility
Icthlarin's Little Helper	Icthlarin's Little Helper	Quest Start • Intermediate	Start: Talk to the wanderer in the camp west of the Agility Pyramid.	Difficulty: Intermediate • Length: Medium	Reward: 2 Quest Points, 4,500 Thieving experience	Requirements: The ability to defeat a level 91 monster.
Imp Catcher	Imp Catcher	Quest Start • Novice	Start: Talk to Wizard Mizgog on the top floor of the Wizards' Tower.	Difficulty: Novice • Length: Short	Reward: 1 Quest Point, 875 Magic experience	Requirements: None
In Aid of the Myreque	In Aid of the Myreque	Quest Start • Intermediate	Start: Talk to Veliaf Hurtz in the Myreque Hideout below the Canifis...	Difficulty: Intermediate • Length: Medium	Reward: 2 Quest Points, 2,000 Attack experience	Requirements: In Search of the Myreque; Nature Spirit; Priest in Peril
In Search of Knowledge	In Search of Knowledge	Quest Start • Experienced	Start: Brother Aimeri, towards the south-eastern end of the Forthos...	Difficulty: Experienced • Length: Medium	Reward: 0 Quest Points, Gain an XP Lamp.	Requirements: None - but a high combat level is recommended.
In Search of the Myreque	In Search of the Myreque	Quest Start • Intermediate	Start: Talk to Vanstrom Klause at the Hair of the Dog tavern in Canifis.	Difficulty: Intermediate • Length: Short	Reward: 2 Quest Points, 600 Attack experience	Requirements: Nature Spirit; Priest in Peril; The Restless Ghost
Into the Tombs	Into the Tombs	Quest Start • Master	Start: Talk to Maisa inside Osmumten's tomb at the Necropolis.	Difficulty: Master • Length: Medium	Reward: 0 Quest Points, Experience the Tombs of Amascut.	Requirements: Beneath Cursed Sands; Contact!; Prince Ali Rescue
Jungle Potion	Jungle Potion	Quest Start • Novice	Start: Talk to Trufitus in Tai Bwo Wannai.	Difficulty: Novice • Length: Short	Reward: 1 Quest Point, 775 Herblore experience	Requirements: 3 Herblore
King's Ransom	King's Ransom	Quest Start • Experienced	Start: Talk to the Gossip outside Sinclair Mansion.	Difficulty: Experienced • Length: Medium	Reward: 1 Quest Point, 33,000 Defence experience	Requirements: 45 Magic; 65 Defence; Black Knights' Fortress
Lair of Tarn Razorlor	Lair of Tarn Razorlor	Quest Start • Experienced	Start: Enter the Lair of Tarn Razorlor.	Difficulty: Experienced • Length: Medium	Reward: 0 Quest Points, Gain an enchanted Salve Amulet.	Requirements: 40 Slayer
Land of the Goblins	Land of the Goblins	Quest Start • Experienced	Start: Talk to Grubfoot in the Dorgesh-Kaan mine.	Difficulty: Experienced • Length: Medium	Reward: 2 Quest Points, 8,000 Agility experience	Requirements: Another Slice of H.A.M.; Death to the Dorgeshuun
Learning the Ropes	Learning the Ropes	Quest Start • Novice	Start: Talk to the Quest Guide on Tutorial Island.	Difficulty: Novice • Length: Very Short	Reward: 1 Quest Point, Access to the Mainland!	Requirements: |items =
Legends' Quest	Legends' Quest	Quest Start • Master	Start: Talk to the Legends' Guards just outside of the Legends' Guild.	Difficulty: Master • Length: Long	Reward: 4 Quest Points, Access to the Legends' Guild (including shop to...	Requirements: 107 Quest; 50 Agility; 50 Crafting
Lost City	Lost City	Quest Start • Intermediate	Start: Talk to the warrior in the north-western corner of the Lumbridge...	Difficulty: Intermediate • Length: Short	Reward: 3 Quest Points, Access to Zanaris	Requirements: 31 Crafting; 36 Woodcutting
Lunar Diplomacy	Lunar Diplomacy	Quest Start • Experienced	Start: Talk to Lokar Searunner at the westernmost dock of Rellekka.	Difficulty: Experienced • Length: Long	Reward: 2 Quest Points, 5,000 Magic experience	Requirements: The Fremennik Trials; Lost City; Rune Mysteries
Mage Arena I	Mage Arena I	Quest Start • Experienced	Start: Speak to Kolodion at the Mage Arena bank located in level 53...	Difficulty: Experienced • Length: Short	Reward: 0 Quest Points, Unlock the God spells.	Requirements: 60 Magic
Mage Arena II	Mage Arena II	Quest Start • Master	Start: Speak to Kolodion at the Mage Arena bank located in level 53...	Difficulty: Master • Length: Medium	Reward: 0 Quest Points, Learn how to imbue the God Capes.	Requirements: 75 Magic
Making Friends with My Arm	Making Friends with My Arm	Quest Start • Master	Start: Talk to Burntmeat in the Troll Stronghold's kitchen.	Difficulty: Master • Length: Medium	Reward: 2 Quest Points, 10,000 Construction experience	Requirements: 66 Firemaking; 72 Mining; 35 Construction
Making History	Making History	Quest Start • Intermediate	Start: Talk to Jorral in the outpost north-west of West Ardougne.	Difficulty: Intermediate • Length: Short	Reward: 3 Quest Points, 1,000 Crafting experience	Requirements: Priest in Peril; The Restless Ghost
Meat and Greet	Meat and Greet	Quest Start • Experienced	Start: Talk to Emelio at his home in Outer Fortis.	Difficulty: Experienced • Length: Short	Reward: 1 Quest Point, 8,000 Cooking experience	Requirements: Children of the Sun
Merlin's Crystal	Merlin's Crystal	Quest Start • Intermediate	Start: Talk to King Arthur in Camelot.	Difficulty: Intermediate • Length: Short	Reward: 6 Quest Points, Excalibur (Required for Holy Grail quest.)	Requirements: Must be able to defeat a level 39 enemy.
Misthalin Mystery	Misthalin Mystery	Quest Start • Novice	Start: Talk to Abigale or Hewey in the south-eastern corner of...	Difficulty: Novice • Length: Short	Reward: 1 Quest Point, Uncut ruby	Requirements: None
Monk's Friend	Monk's Friend	Quest Start • Novice	Start: Talk to Brother Omad at the Ardougne Monastery south of East...	Difficulty: Novice • Length: Very Short	Reward: 1 Quest Point, 2,000 Woodcutting experience	Requirements: The ability to run past two level 14 thieves, and one...
Monkey Madness I	Monkey Madness I	Quest Start • Master	Start: Talk to King Narnode Shareen in the Grand Tree.	Difficulty: Master • Length: Long	Reward: 3 Quest Points, 10,000 Coins	Requirements: The Grand Tree; Tree Gnome Village
Monkey Madness II	Monkey Madness II	Quest Start • Grandmaster	Start: Talk to King Narnode Shareen in the Grand Tree.	Difficulty: Grandmaster • Length: Very Long	Reward: 4 Quest Points, 80,000 Slayer experience	Requirements: Enlightened Journey
Mountain Daughter	Mountain Daughter	Quest Start • Intermediate	Start: Talk to Hamal the Chieftain in the Mountain Camp east of...	Difficulty: Intermediate • Length: Medium	Reward: 2 Quest Points, 2,000 Prayer experience	Requirements: 20 Agility Entering the Mountain Camp initially requires...
Mourning's End Part I	Mourning's End Part I	Quest Start • Master	Start: Talk to Eluned inside the elven woods of Isafdar.	Difficulty: Master • Length: Medium	Reward: 2 Quest Points, 40,000 Thieving experience	Requirements: 60 Ranged; 50 Thieving
Mourning's End Part II	Mourning's End Part II	Quest Start • Master	Start: Talk to Arianwyn in Lletya.	Difficulty: Master • Length: Long	Reward: 2 Quest Points, 60,000 Agility experience	Requirements: Mourning's End Part I; Roving Elves; Regicide
Murder Mystery	Murder Mystery	Quest Start • Novice	Start: Talk to any guard around the Sinclair Mansion, north of Seers'...	Difficulty: Novice • Length: Short	Reward: 3 Quest Points, 1,406 Crafting experience	Requirements: None
My Arm's Big Adventure	My Arm's Big Adventure	Quest Start • Experienced	Start: Talk to Burntmeat in the Troll Stronghold kitchen.	Difficulty: Experienced • Length: Medium	Reward: 1 Quest Point, 10,000 Herblore experience	Requirements: 29 Farming
Nature Spirit	Nature Spirit	Quest Start • Intermediate	Start: Talk to Drezel in the basement of the Paterdomus Temple by the...	Difficulty: Intermediate • Length: Short	Reward: 2 Quest Points, 3,000 Crafting experience	Requirements: None
Observatory Quest	Observatory Quest	Quest Start • Intermediate	Start: Talk to the Observatory professor in the Observatory Reception...	Difficulty: Intermediate • Length: Short	Reward: 2 Quest Points, 2,250 Crafting experience	Requirements: None
Olaf's Quest	Olaf's Quest	Quest Start • Intermediate	Start: Talk to Olaf Hradson east of Rellekka, just south of the...	Difficulty: Intermediate • Length: Short	Reward: 1 Quest Point, 12,000 Defence experience	Requirements: 40 Firemaking; 50 Woodcutting
One Small Favour	One Small Favour	Quest Start • Experienced	Start: Talk to Yanni Salika in Shilo Village.	Difficulty: Experienced • Length: Long	Reward: 2 Quest Points, Two experience lamps giving 10,000 experience...	Requirements: Rune Mysteries; Shilo Village; Jungle Potion
Pandemonium	Pandemonium	Quest Start • Novice	Start: Talk to Will and Anne on the docks of Port Sarim.	Difficulty: Novice • Length: Short	Reward: 1 Quest Point, 300 Sailing experience	Requirements: |items = * Hammer (obtainable during the quest)
Perilous Moons	Perilous Moons	Quest Start • Master	Start: Talk to Zuma or Attala at the entrance to Cam Torum.	Difficulty: Master • Length: Medium	Reward: 2 Quest Points, 40,000 Slayer experience	Requirements: 48 Slayer; 20 Hunter; 20 Fishing
Pirate's Treasure	Pirate's Treasure	Quest Start • Novice	Start: Talk to Redbeard Frank at the northernmost dock at Port Sarim,...	Difficulty: Novice • Length: Very Short	Reward: 2 Quest Points, Access to One-Eyed Hector's Treasure Chest...	Requirements: Able to defeat or run away from a Combat level 4 gardener.
Plague City	Plague City	Quest Start • Novice	Start: Talk to Edmond in the most north-western house of East Ardougne.	Difficulty: Novice • Length: Very Short	Reward: 1 Quest Point, 2,425 Mining experience	Requirements: None
Priest in Peril	Priest in Peril	Quest Start • Novice	Start: Talk to King Roald in the Varrock Palace.	Difficulty: Novice • Length: Short	Reward: 1 Quest Point, 1,406 Prayer experience	Requirements: None
Prince Ali Rescue	Prince Ali Rescue	Quest Start • Novice	Start: Talk to Hassan in the palace at Al Kharid.	Difficulty: Novice • Length: Short	Reward: 3 Quest Points, 700 coins	Requirements: The ability to get past aggressive combat level 26 jail...
Prying Times	Prying Times	Quest Start • Intermediate	Start: Talk to 'Squawking' Steve Beanie at The Pandemonium pub.	Difficulty: Intermediate • Length: Short	Reward: 1 Quest Point, 1,000 Smithing experience	Requirements: 30 Smithing; 12 Sailing; Pandemonium
Rag and Bone Man I	Rag and Bone Man I	Quest Start • Novice	Start: Talk to the Odd Old Man in Silvarea north-east of Varrock, by...	Difficulty: Novice • Length: Short	Reward: 1 Quest Point, 500 Cooking experience	Requirements: None
Rag and Bone Man II	Rag and Bone Man II	Quest Start • Experienced	Start: Talk to the Odd Old Man in Silvarea north-east of Varrock, by...	Difficulty: Experienced • Length: Medium	Reward: 1 Quest Point, 5,000 Prayer experience	Requirements: 40 Slayer
Ratcatchers	Ratcatchers	Quest Start • Intermediate	Start: Talk to Gertrude west of Varrock.	Difficulty: Intermediate • Length: Medium	Reward: 2 Quest Points, 4,500 Thieving experience	Requirements: Icthlarin's Little Helper; Gertrude's Cat
Recipe for Disaster	Recipe for Disaster	Quest Start • Special	Start: Talk to the Cook in the kitchen of Lumbridge Castle.	Difficulty: Special • Length: Very Long	Reward: 0 Quest Points, An antique lamp, which grants 20,000 experience...	Requirements: To start the quest and finish the first chapter:; 10 Cooking
Recipe for Disaster - Another Cook's Quest	Recipe for Disaster - Another Cook's Quest	Quest Start • Special	Start: Talk to the quest giver nearby to begin	Difficulty: Special • Length: Short	Reward: 1 Quest Point, Gain access to the Culinaromancer's Chest.	Requirements: None
Recipe for Disaster - Culinaromancer	Recipe for Disaster - Culinaromancer	Quest Start • Special	Start: Talk to the quest giver nearby to begin	Difficulty: Special • Length: Short	Reward: 1 Quest Point, Complete the storyline and unlock the Barrows...	Requirements: None
Recipe for Disaster - Evil Dave	Recipe for Disaster - Evil Dave	Quest Start • Special	Start: Talk to the quest giver nearby to begin	Difficulty: Special • Length: Medium	Reward: 1 Quest Point, Gain further access to the Culinaromancer's Chest.	Requirements: None
Recipe for Disaster - King Awowogei	Recipe for Disaster - King Awowogei	Quest Start • Special	Start: Talk to the quest giver nearby to begin	Difficulty: Special • Length: Long	Reward: 1 Quest Point, Gain further access to the Culinaromancer's Chest.	Requirements: None
Recipe for Disaster - Lumbridge Guide	Recipe for Disaster - Lumbridge Guide	Quest Start • Special	Start: Talk to the quest giver nearby to begin	Difficulty: Special • Length: Short	Reward: 1 Quest Point, Gain further access to the Culinaromancer's Chest.	Requirements: None
Recipe for Disaster - Mountain Dwarf	Recipe for Disaster - Mountain Dwarf	Quest Start • Special	Start: Talk to the quest giver nearby to begin	Difficulty: Special • Length: Short	Reward: 1 Quest Point, Gain further access to the Culinaromancer's Chest.	Requirements: None
Recipe for Disaster - Pirate Pete	Recipe for Disaster - Pirate Pete	Quest Start • Special	Start: Talk to the quest giver nearby to begin	Difficulty: Special • Length: Medium	Reward: 1 Quest Point, Gain further access to the Culinaromancer's Chest.	Requirements: None
Recipe for Disaster - Sir Amik Varze	Recipe for Disaster - Sir Amik Varze	Quest Start • Special	Start: Talk to the quest giver nearby to begin	Difficulty: Special • Length: Medium	Reward: 1 Quest Point, Gain further access to the Culinaromancer's Chest.	Requirements: None
Recipe for Disaster - Skrach Uglogwee	Recipe for Disaster - Skrach Uglogwee	Quest Start • Special	Start: Talk to the quest giver nearby to begin	Difficulty: Special • Length: Medium	Reward: 1 Quest Point, Gain further access to the Culinaromancer's Chest.	Requirements: None
Recipe for Disaster - Wartface & Bentnoze	Recipe for Disaster - Wartface & Bentnoze	Quest Start • Special	Start: Talk to the quest giver nearby to begin	Difficulty: Special • Length: Short	Reward: 1 Quest Point, Gain further access to the Culinaromancer's Chest.	Requirements: None
Recruitment Drive	Recruitment Drive	Quest Start • Novice	Start: Talk to Sir Amik Varze on the 3rd floor of White Knights' Castle's...	Difficulty: Novice • Length: Short	Reward: 1 Quest Point, 1,000.5 Prayer experience	Requirements: Black Knights' Fortress; Druidic Ritual
Regicide	Regicide	Quest Start • Experienced	Start: Talk to King Lathas on the 1st floor of Ardougne Castle.	Difficulty: Experienced • Length: Long	Reward: 3 Quest Points, 13,750 Agility experience	Requirements: Underground Pass; Biohazard; Plague City
Romeo & Juliet	Romeo & Juliet	Quest Start • Novice	Start: Talk to Romeo in Varrock Square.	Difficulty: Novice • Length: Short	Reward: 5 Quest Points, }}	Requirements: None
Roving Elves	Roving Elves	Quest Start • Experienced	Start: Talk to Islwyn inside the elven woods of Isafdar.	Difficulty: Experienced • Length: Short	Reward: 1 Quest Point, 10,000 Strength experience	Requirements: Regicide; Underground Pass; Biohazard
Royal Trouble	Royal Trouble	Quest Start • Experienced	Start: Talk to Advisor Ghrim in Miscellania Castle.	Difficulty: Experienced • Length: Medium	Reward: 1 Quest Point, 20,000 Coins	Requirements: 40 Agility; 40 Slayer; Throne of Miscellania
Rum Deal	Rum Deal	Quest Start • Experienced	Start: Talk to Pirate Pete on the dock north of Port Phasmatys.	Difficulty: Experienced • Length: Medium	Reward: 2 Quest Points, 7,000 Fishing experience	Requirements: Zogre Flesh Eaters; Big Chompy Bird Hunting; Jungle Potion
Rune Mysteries	Rune Mysteries	Quest Start • Novice	Start: Talk to Duke Horacio on the 1st floor of Lumbridge Castle.	Difficulty: Novice • Length: Short	Reward: 1 Quest Point, The ability to mine rune essence	Requirements: |items = *Air talisman (is given for free at the start of...
Scorpion Catcher	Scorpion Catcher	Quest Start • Intermediate	Start: Talk to Thormac at the top floor of the Sorcerer's Tower,...	Difficulty: Intermediate • Length: Short	Reward: 1 Quest Point, 6,625 Strength experience	Requirements: 31 Prayer
Scrambled!	Scrambled!	Quest Start • Intermediate	Start: Talk to Alan at the temple of Tal Teok north of Tal Teklan.	Difficulty: Intermediate • Length: Short	Reward: 1 Quest Point, 5,000 Construction experience	Requirements: 38 Construction; 36 Cooking; 35 Smithing
Sea Slug	Sea Slug	Quest Start • Intermediate	Start: Talk to Caroline just north of Witchaven.	Difficulty: Intermediate • Length: Short	Reward: 1 Quest Point, 7,175 Fishing experience	Requirements: 30 Firemaking
Secrets of the North	Secrets of the North	Quest Start • Master	Start: Talk to the guard outside of the Carnillean Mansion in the...	Difficulty: Master • Length: Medium	Reward: 2 Quest Points, 60,000 Agility experience	Requirements: 69 Agility; 64 Thieving; 56 Hunter
Shades of Mort'ton	Shades of Mort'ton	Quest Start • Intermediate	Start: Search the shelf in the southern-western house of Mort'ton.	Difficulty: Intermediate • Length: Short	Reward: 3 Quest Points, 2,000 Herblore experience	Requirements: Priest in Peril; 20 Crafting; 15 Herblore
Shadow of the Storm	Shadow of the Storm	Quest Start • Intermediate	Start: Talk to Father Reen south of Al Kharid bank.	Difficulty: Intermediate • Length: Medium	Reward: 1 Quest Point, 10,000 experience in any combat skill other than...	Requirements: 30 Crafting; The Golem; Demon Slayer
Shadows of Custodia	Shadows of Custodia	Quest Start • Experienced	Start: Read the notice board in Auburn Pub.	Difficulty: Experienced • Length: Short	Reward: 2 Quest Points, 10,000 Slayer experience	Requirements: Children of the Sun; 54 Slayer; 45 Fishing
Sheep Herder	Sheep Herder	Quest Start • Novice	Start: Talk to Councillor Halgrive outside of the East Ardougne church.	Difficulty: Novice • Length: Short	Reward: 4 Quest Points, 3,100 coins	Requirements: None
Sheep Shearer	Sheep Shearer	Quest Start • Novice	Start: Talk to Fred the Farmer in the house by the sheep pen north of...	Difficulty: Novice • Length: Very Short	Reward: 1 Quest Point, 150 Crafting experience (An additional...	Requirements: None
Shield of Arrav	Shield of Arrav	Quest Start • Novice	Start: Talk to Reldo in the Varrock library, located within the...	Difficulty: Novice • Length: Short	Reward: 1 Quest Point, 600 coins	Requirements: A trustworthy friend or partner. Players can join the...
Shilo Village	Shilo Village	Quest Start • Intermediate	Start: Talk to Mosol Rei outside of Shilo Village in the south part of...	Difficulty: Intermediate • Length: Medium	Reward: 2 Quest Points, 3,875 Crafting experience	Requirements: Jungle Potion; Druidic Ritual; 20 Crafting
Sins of the Father	Sins of the Father	Quest Start • Master	Start: Talk to Veliaf Hurtz outside the church in Slepe.	Difficulty: Master • Length: Long	Reward: 2 Quest Points, Access to Darkmeyer	Requirements: Vampyre Slayer; A Taste of Hope; Darkness of Hallowvale
Skippy and the Mogres	Skippy and the Mogres	Quest Start • Novice	Start: Speak to Skippy located south-east of the town of Rimmington.	Difficulty: Novice • Length: Very Short	Reward: 0 Quest Points, Learn how to fight Mogres.	Requirements: 20 Cooking
Sleeping Giants	Sleeping Giants	Quest Start • Intermediate	Start: Talk to Kovac at the Giants' Plateau, east of Al Kharid.	Difficulty: Intermediate • Length: Very Short	Reward: 1 Quest Point, 6,000 Smithing experience	Requirements: 15 Smithing
Song of the Elves	Song of the Elves	Quest Start • Grandmaster	Start: Talk to Edmond in East Ardougne, at his home north of the Flying...	Difficulty: Grandmaster • Length: Very Long	Reward: 4 Quest Points, 40,000 Agility experience	Requirements: 70 Agility; 70 Construction; 70 Farming
Spirits of the Elid	Spirits of the Elid	Quest Start • Intermediate	Start: Talk to Awusah the Mayor in Nardah.	Difficulty: Intermediate • Length: Short	Reward: 2 Quest Points, 8,000 Prayer experience	Requirements: 33 Magic; 37 Ranged; 37 Mining
Stronghold of Security	Stronghold of Security	Activity • Dungeon	Start: Climb down the hole in Barbarian Village	Difficulty: Novice • Length: Short	Reward: 10,000 Coins, Fancy or Fighting boots, 4 emotes	Requirements: 2-Factor Authentication enabled
Swan Song	Swan Song	Quest Start • Master	Start: Talk to Herman Caranos in the Piscatoris Fishing Colony,...	Difficulty: Master • Length: Medium	Reward: 2 Quest Points, 15,000 Magic experience	Requirements: 100 Quest; 66 Magic; 62 Cooking
Tai Bwo Wannai Trio	Tai Bwo Wannai Trio	Quest Start • Intermediate	Start: Talk to Timfraku in his house in Tai Bwo Wannai.	Difficulty: Intermediate • Length: Medium	Reward: 2 Quest Points, 2,000 Coins (awarded by Timfraku immediately...	Requirements: 15 Agility; 30 Cooking
Tale of the Righteous	Tale of the Righteous	Quest Start • Intermediate	Start: Talk to Phileas Rimor in his house west of The Cloak and Stagger...	Difficulty: Intermediate • Length: Short	Reward: 1 Quest Point, 8,000 coins	Requirements: Client of Kourend; X Marks the Spot; 16 Strength
Tears of Guthix	Tears of Guthix	Quest Start • Intermediate	Start: Talk to Juna, deep inside the Lumbridge Swamp Caves.	Difficulty: Intermediate • Length: Very Short	Reward: 1 Quest Point, 1,000 Crafting experience	Requirements: 43 Quest; 49 Firemaking
Temple of Ikov	Temple of Ikov	Quest Start • Intermediate	Start: Talk to Lucien at the Flying Horse Inn in the north-western...	Difficulty: Intermediate • Length: Medium	Reward: 1 Quest Point, 10,500 Ranged experience	Requirements: 42 Thieving
Temple of the Eye	Temple of the Eye	Quest Start • Intermediate	Start: Talk to Wizard Persten north of Al Kharid, near the gate from...	Difficulty: Intermediate • Length: Short	Reward: 1 Quest Point, 5,000 Runecraft experience	Requirements: Enter the Abyss; Rune Mysteries; 10 Runecraft
The Ascent of Arceuus	The Ascent of Arceuus	Quest Start • Intermediate	Start: Talk to Mori in Arceuus.	Difficulty: Intermediate • Length: Short	Reward: 1 Quest Point, 2,000 coins	Requirements: Client of Kourend; X Marks the Spot; 12 Hunter
The Blood Moon Rises	The Blood Moon Rises	Quest Start • Grandmaster	Start: Talk to Sarius Guile in the Icyene Graveyard.	Difficulty: Grandmaster • Length: Very Long	Reward: 4 Quest Points, Access to Vampyrium	Requirements: 74 Slayer; 74 Woodcutting; 72 Smithing
The Corsair Curse	The Corsair Curse	Quest Start • Intermediate	Start: Talk to Captain Tock at the crossroads north of Port Sarim.	Difficulty: Intermediate • Length: Short	Reward: 2 Quest Points, Access to Yusuf's bank in the Corsair Cove.	Requirements: |items =; Spade (obtainable during quest)
The Curse of Arrav	The Curse of Arrav	Quest Start • Master	Start: Talk to Elias White at the Uzer Oasis.	Difficulty: Master • Length: Medium	Reward: 2 Quest Points, 40,000 Mining experience	Requirements: 64 Mining; 62 Ranged; 62 Thieving
The Depths of Despair	The Depths of Despair	Quest Start • Intermediate	Start: Talk to Lord Kandur Hosidius at his home in Hosidius, north-west...	Difficulty: Intermediate • Length: Short	Reward: 1 Quest Point, 1,500 Agility experience	Requirements: Client of Kourend; X Marks the Spot; 18 Agility
The Dig Site	The Dig Site	Quest Start • Intermediate	Start: Talk to an examiner in the Exam Centre south of the Digsite.	Difficulty: Intermediate • Length: Medium	Reward: 2 Quest Points, 15,300 Mining experience	Requirements: 10 Agility; 10 Herblore; 25 Thieving
The Enchanted Key	The Enchanted Key	Quest Start • Intermediate	Start: Begin this mini-quest by getting your enchanted key. If lost, it...	Difficulty: Intermediate • Length: Medium	Reward: 0 Quest Points, Hunt for hidden treasure using the Enchanted Key.	Requirements: Finished Making History
The Eyes of Glouphrie	The Eyes of Glouphrie	Quest Start • Intermediate	Start: Talk to Brimstail in his cave south-west side of the Tree Gnome...	Difficulty: Intermediate • Length: Medium	Reward: 2 Quest Points, 12,000 Magic experience	Requirements: Completed The Grand Tree quest; 5 Construction; 46 Magic
The Feud	The Feud	Quest Start • Intermediate	Start: Talk to Ali Morrisane east of the Gem Trader in northern Al Kharid.	Difficulty: Intermediate • Length: Medium	Reward: 1 Quest Point, 15,000 Thieving experience	Requirements: 30 Thieving
The Final Dawn	The Final Dawn	Quest Start • Master	Start: Talk to Servius in the Sunrise Palace.	Difficulty: Master • Length: Long	Reward: 3 Quest Points, Arkan blade	Requirements: 66 Thieving; 52 Runecraft; 52 Fletching
The Forsaken Tower	The Forsaken Tower	Quest Start • Intermediate	Start: Talk to Lady Vulcana Lovakengj in Lovakengj.	Difficulty: Intermediate • Length: Short	Reward: 1 Quest Point, 500 Mining experience	Requirements: Client of Kourend; X Marks the Spot
The Fremennik Exiles	The Fremennik Exiles	Quest Start • Master	Start: Talk to Brundt the Chieftain in Rellekka.	Difficulty: Master • Length: Medium	Reward: 2 Quest Points, 50,000 Slayer experience	Requirements: 65 Crafting; 60 Slayer; 60 Smithing
The Fremennik Isles	The Fremennik Isles	Quest Start • Experienced	Start: Talk to Mord Gunnars at the northernmost dock of Rellekka.	Difficulty: Experienced • Length: Medium	Reward: 1 Quest Point, 5,000 Construction experience	Requirements: 20 Construction Only required to fix the bridges later in...
The Fremennik Trials	The Fremennik Trials	Quest Start • Intermediate	Start: Talk to Brundt the Chieftain in the Rellekka longhall.	Difficulty: Intermediate • Length: Medium	Reward: 3 Quest Points, 2,812.4 Agility experience	Requirements: Ability to defeat a level-69 Draugen
The Frozen Door	The Frozen Door	Quest Start • Master	Start: Receive an important letter from a messenger.	Difficulty: Master • Length: Short	Reward: 0 Quest Points, Gain access to Nex in the God Wars Dungeon.	Requirements: 70 Agility; 70 Hitpoints; 70 Ranged
The Garden of Death	The Garden of Death	Quest Start • Intermediate	Start: Search the tent at the campsite found east of the chasm at the...	Difficulty: Intermediate • Length: Short	Reward: 1 Quest Point, 10,000 Farming experience	Requirements: 20 Farming
The General's Shadow	The General's Shadow	Quest Start • Experienced	Start: Speak to the ghost of General Khazard roaming around the woods...	Difficulty: Experienced • Length: Medium	Reward: 0 Quest Points, Gain the Shadow Sword.	Requirements: Curse of the Empty Lord, for full ghostly robes
The Giant Dwarf	The Giant Dwarf	Quest Start • Intermediate	Start: Talk to the Dwarven Boatman by the underground River Kelda,...	Difficulty: Intermediate • Length: Medium	Reward: 2 Quest Points, 2,500 Mining experience	Requirements: 12 Crafting; 16 Firemaking; 33 Magic
The Golem	The Golem	Quest Start • Intermediate	Start: Talk to the clay golem in the ruins of Uzer, east of the Shantay...	Difficulty: Intermediate • Length: Short	Reward: 1 Quest Point, 1,000 Thieving experience	Requirements: 20 Crafting; 25 Thieving
The Grand Tree	The Grand Tree	Quest Start • Intermediate	Start: Talk to King Narnode Shareen in the Grand Tree.	Difficulty: Intermediate • Length: Medium	Reward: 5 Quest Points, 18,400 Attack experience	Requirements: 25 Agility
The Great Brain Robbery	The Great Brain Robbery	Quest Start • Experienced	Start: Talk to Brother Tranquility in Mos Le'Harmless.	Difficulty: Experienced • Length: Medium	Reward: 2 Quest Points, 6,000 Prayer experience	Requirements: 16 Crafting A prerequisite quest, Cabin Fever, requires...
The Hand in the Sand	The Hand in the Sand	Quest Start • Intermediate	Start: Talk to Bert in Yanille, near the sand pit.	Difficulty: Intermediate • Length: Short	Reward: 1 Quest Point, 1,000 Thieving experience	Requirements: 17 Thieving; 49 Crafting
The Heart of Darkness	The Heart of Darkness	Quest Start • Experienced	Start: Talk to Prince Itzla Arkan at the Teomat.	Difficulty: Experienced • Length: Medium	Reward: 2 Quest Points, Access to Tapoyauik	Requirements: 55 Mining; 48 Thieving; 48 Slayer
The Ides of Milk	The Ides of Milk	Quest Start • Novice	Start: Talk to Cassius by the Lumbridge pond.	Difficulty: Novice • Length: Short	Reward: 1 Quest Point, Access to Brutus, the cow boss.	Requirements: None
The Knight's Sword	The Knight's Sword	Quest Start • Intermediate	Start: Talk to the squire in the courtyard of the White Knights' Castle...	Difficulty: Intermediate • Length: Short	Reward: 1 Quest Point, 12,725 Smithing experience	Requirements: 10 Mining
The Lost Tribe	The Lost Tribe	Quest Start • Intermediate	Start: Talk to Sigmund in Lumbridge Castle.	Difficulty: Intermediate • Length: Short	Reward: 1 Quest Point, 3,000 Mining experience	Requirements: Goblin Diplomacy; Rune Mysteries; 13 Agility
The Path of Glouphrie	The Path of Glouphrie	Quest Start • Experienced	Start: Speak to King Bolren in the Tree Gnome Village.	Difficulty: Experienced • Length: Medium	Reward: 2 Quest Points, Four magic lamps offering a total of 20,000...	Requirements: The Eyes of Glouphrie; The Grand Tree; Waterfall Quest
The Queen of Thieves	The Queen of Thieves	Quest Start • Intermediate	Start: Talk to Tomas Lawry outside the Port Piscarilius bank.	Difficulty: Intermediate • Length: Very Short	Reward: 1 Quest Point, 2,000 Thieving experience	Requirements: Client of Kourend; X Marks the Spot; 20 Thieving
The Red Reef	The Red Reef	Quest Start • Experienced	Start: Talk to Elder Raley at his home on the Great Conch.	Difficulty: Experienced • Length: Medium	Reward: 2 Quest Points, 15,000 Sailing experience	Requirements: 52 Sailing; 48 Smithing; Troubled Tortugans
The Restless Ghost	The Restless Ghost	Quest Start • Novice	Start: Talk to Father Aereck in the chapel south-east of Lumbridge Castle.	Difficulty: Novice • Length: Short	Reward: 1 Quest Point, 1,125 Prayer experience	Requirements: Capable of killing or running away from a combat level 13...
The Ribbiting Tale of a Lily Pad Labour Dispute	The Ribbiting Tale of a Lily Pad Labour Dispute	Quest Start • Novice	Start: Talk to Marcellus at the Locus Oasis.	Difficulty: Novice • Length: Very Short	Reward: 1 Quest Point, 2,000 Woodcutting experience	Requirements: 15 Woodcutting; Children of the Sun
The Slug Menace	The Slug Menace	Quest Start • Intermediate	Start: Talk to Sir Tiffy Cashien in Falador Park.	Difficulty: Intermediate • Length: Medium	Reward: 1 Quest Point, 3,500 Crafting experience	Requirements: Wanted!; Recruitment Drive; Black Knights' Fortress
The Tourist Trap	The Tourist Trap	Quest Start • Intermediate	Start: Talk to Irena by the Shantay Pass, south of Al Kharid.	Difficulty: Intermediate • Length: Medium	Reward: 2 Quest Points, 4,650 Experience in your choice of two skills...	Requirements: 10 Fletching; 20 Smithing
Throne of Miscellania	Throne of Miscellania	Quest Start • Experienced	Start: Talk to King Vargas in the Miscellania Castle.	Difficulty: Experienced • Length: Medium	Reward: 1 Quest Point, Management of Miscellania	Requirements: Heroes' Quest; Shield of Arrav; Lost City
Tower of Life	Tower of Life	Quest Start • Novice	Start: Talk to Effigy at the Tower of Life just east of the Ardougne...	Difficulty: Novice • Length: Medium	Reward: 2 Quest Points, 1,000 Construction experience	Requirements: 10 Construction
Tree Gnome Village	Tree Gnome Village	Quest Start • Intermediate	Start: Talk to King Bolren at the centre of the Tree Gnome Village maze.	Difficulty: Intermediate • Length: Short	Reward: 2 Quest Points, 11,450 Attack experience	Requirements: The ability to defeat a level 112 Khazard warlord
Tribal Totem	Tribal Totem	Quest Start • Intermediate	Start: Talk to Kangai Mau at The Shrimp and Parrot restaurant in Brimhaven.	Difficulty: Intermediate • Length: Very Short	Reward: 1 Quest Point, 1,775 Thieving experience	Requirements: 21 Thieving
Troll Romance	Troll Romance	Quest Start • Intermediate	Start: Talk to Ug at the Troll Stronghold.	Difficulty: Intermediate • Length: Short	Reward: 2 Quest Points, 8,000 Agility experience	Requirements: 28 Agility; Troll Stronghold; Death Plateau
Troll Stronghold	Troll Stronghold	Quest Start • Intermediate	Start: Talk to Denulth in Burthorpe.	Difficulty: Intermediate • Length: Short	Reward: 1 Quest Point, Law talisman (if you lose it, you can get...	Requirements: 15 Agility (47 is recommended)
Troubled Tortugans	Troubled Tortugans	Quest Start • Experienced	Start: Talk to the injured tortugan on a Remote Island in the Unquiet...	Difficulty: Experienced • Length: Medium	Reward: 1 Quest Point, 10,000 Sailing experience	Requirements: 51 Slayer; 48 Construction; 45 Sailing
Tutorial Island	Tutorial Island	Activity • Tutorial	Start: Gielinor Guide in the starter house	Difficulty: Novice • Length: Short	Reward: Basic starter equipment, Access to the mainland	Requirements: None
Twilight's Promise	Twilight's Promise	Quest Start • Intermediate	Start: Talk to Ennius Tullus or Furia Tullus in front of the Sunrise...	Difficulty: Intermediate • Length: Short	Reward: 1 Quest Point, Ability to use the Civitas illa Fortis Teleport...	Requirements: Children of the Sun
Underground Pass	Underground Pass	Quest Start • Experienced	Start: Talk to King Lathas on the 1st floor of Ardougne Castle.	Difficulty: Experienced • Length: Long	Reward: 5 Quest Points, 3,000 Agility experience	Requirements: 25 Ranged; Biohazard; Plague City
Vale Totems	Vale Totems	Quest Start • Novice	Start: Talk to the quest giver nearby to begin	Difficulty: Novice • Length: Very Short	Reward: 0 Quest Points, Learn about the ents of the Auburn Valley.	Requirements: None
Vampyre Slayer	Vampyre Slayer	Quest Start • Intermediate	Start: Talk to Morgan in his house in Draynor Village, just north of...	Difficulty: Intermediate • Length: Very Short	Reward: 3 Quest Points, 4,825 Attack experience	Requirements: Able to defeat a combat level 34 vampyre with a very high...
Wanted!	Wanted!	Quest Start • Intermediate	Start: Talk to Sir Tiffy Cashien in Falador Park.	Difficulty: Intermediate • Length: Medium	Reward: 1 Quest Point, 5,000 Slayer experience	Requirements: 32 Quest; Recruitment Drive; Black Knights' Fortress
Watchtower	Watchtower	Quest Start • Intermediate	Start: Talk to the Watchtower Wizard in the Watchtower north of Yanille	Difficulty: Intermediate • Length: Medium	Reward: 4 Quest Points, 15,250 Magic experience	Requirements: 14 Magic; 15 Thieving
Waterfall Quest	Waterfall Quest	Quest Start • Intermediate	Start: Talk to Almera in her house north-east of Baxtorian Falls.	Difficulty: Intermediate • Length: Short	Reward: 1 Quest Point, 13,750 Strength experience	Requirements: The ability to withstand and evade attacks from level 86...
What Lies Below	What Lies Below	Quest Start • Intermediate	Start: Talk to Rat Burgiss south of Varrock.	Difficulty: Intermediate • Length: Short	Reward: 1 Quest Point, 8,000 Runecraft experience	Requirements: Rune Mysteries; 35 Runecraft
While Guthix Sleeps	While Guthix Sleeps	Quest Start • Grandmaster	Start: Talk to Ivy Sophista in Taverley.	Difficulty: Grandmaster • Length: Very Long	Reward: 5 Quest Points, 80,000 Thieving experience	Requirements: 180 Quest; 72 Thieving; 67 Magic
Witch's House	Witch's House	Quest Start • Intermediate	Start: Talk to the boy near the gate entrance of Taverley.	Difficulty: Intermediate • Length: Very Short	Reward: 4 Quest Points, 6,325 Hitpoints experience	Requirements: The ability to defeat 4 monsters from level 19 to 53...
Witch's Potion	Witch's Potion	Quest Start • Novice	Start: Talk to Hetty in her house in Rimmington, south of Falador and...	Difficulty: Novice • Length: Very Short	Reward: 1 Quest Point, 325 Magic experience	Requirements: None
X Marks the Spot	X Marks the Spot	Quest Start • Novice	Start: Talk to Veos in The Sheared Ram in Lumbridge.	Difficulty: Novice • Length: Very Short	Reward: 1 Quest Point, 200 coins	Requirements: None
Zogre Flesh Eaters	Zogre Flesh Eaters	Quest Start • Intermediate	Start: Talk to Grish in Jiggig, just south of Castle Wars.	Difficulty: Intermediate • Length: Short	Reward: 1 Quest Point, 3 ourg bones	Requirements: Big Chompy Bird Hunting; Jungle Potion; Druidic Ritual
