# boss	zone	plane	layer	x	y
KING_BLACK_DRAGON	king_black_dragon_lair	0	1245	2272	4695
ZULRAH	-	0	0	2268	3073
VORKATH	-	0	0	2272	4052
GENERAL_GRAARDOR	god_wars_dungeon	2	1422	2867	5357
KREE_ARRA	god_wars_dungeon	2	1422	2832	5301
COMMANDER_ZILYANA	god_wars_dungeon	0	1421	2898	5266
KRIL_TSUTSAROTH	god_wars_dungeon	2	1422	2927	5323
NEX	god_wars_dungeon	0	1423	2924	5203
CORPOREAL_BEAST	corporeal_beast	2	1022	2967	4382
DAGANNOTH_KINGS	waterbirth_dungeon	0	1389	2911	4448
ABYSSAL_SIRE	abyss	0	1390	2975	4775
CHAOS_ELEMENTAL	-	0	0	3270	3915
CHAOS_FANATIC	-	0	0	2979	3846
CRAZY_ARCHAEOLOGIST	-	0	0	2977	3702
DERANGED_ARCHAEOLOGIST	-	0	0	3683	3706
THE_HUEYCOATL	-	0	0	1509	3290
GEMSTONE_CRAB	-	0	0	1275	3160
GIANT_MOLE	mole_hole	0	1118	1759	5189
SARACHNIS	forthos_dungeon	0	1057	1840	9900
KALPHITE_QUEEN	kalphite_lair	0	1244	3486	9501
BLOOD_MOON	neypotzli	0	1126	1392	9632
BLUE_MOON	neypotzli	0	1126	1440	9680
ECLIPSE_MOON	neypotzli	0	1126	1488	9632
AHRIM_THE_BLIGHTED	barrows_crypts	0	1223	3534	9685
DHAROK_THE_WRETCHED	barrows_crypts	0	1223	3548	9685
GUTHAN_THE_INFESTED	barrows_crypts	0	1223	3562	9685
KARIL_THE_TAINTED	barrows_crypts	0	1223	3534	9709
TORAG_THE_CORRUPTED	barrows_crypts	0	1223	3548	9709
VERAC_THE_DEFILED	barrows_crypts	0	1223	3562	9709
SCORPIA	scorpia_cave	0	1395	3233	10341
VENENATIS	silk_chasm	2	1411	3423	10194
CALLISTO	callistos_den	0	1412	3359	10327
VET_ION	vetions_rest	0	1410	3295	10202
SPINDEL	web_chasm	0	1414	3423	10194
REVENANT_MALEDICTUS	revenant_caves	0	1330	3245	10173
ARTIO	web_chasm	0	1415	3359	10326
CALVAR_ION	web_chasm	0	1416	3294	10202
DAGANNOTH_PRIME	waterbirth_dungeon	0	1389	2916	4458
DAGANNOTH_REX	waterbirth_dungeon	0	1389	2928	4437
DAGANNOTH_SUPREME	waterbirth_dungeon	0	1389	2900	4443
CERBERUS	taverley_dungeon	0	1399	1304	1312
ALCHEMICAL_HYDRA	karuulm_slayer_dungeon	0	1436	1364	10265
KRAKEN	kraken_cove	0	1097	2278	10034
THERMONUCLEAR_SMOKE_DEVIL	smoke_devil_dungeon	0	1269	2360	9452
ARAXXOR	morytania_spider_cave	0	1222	3630	9813
GROTESQUE_GUARDIANS	slayer_tower	0	1439	1697	4577
SHELLBANE_GRYPHON	shellbane_gryphon_cave	0	1268	3184	8876
OBOR	varrock_sewers	0	1192	3088	9806
BRYOPHYTA	varrock_sewers	0	1192	3220	9933
SCURRIUS	varrock_sewers	0	1192	3299	9867
HESPORI	hespori_cave	0	1077	1247	10087
SKOTIZO	catacombs_of_kourend	0	1398	2271	5661
PHANTOM_MUSPAH	ghorrock_dungeon	0	1428	2846	4258
DUKE_SUCELLUS	ghorrock_dungeon	0	1428	3039	6455
THE_LEVIATHAN	abyss	0	1394	2081	6372
THE_WHISPERER	lassar_undercity	0	1249	2656	6373
VARDORVIS	-	0	0	1128	3417
THE_NIGHTMARE	sisterhood_sanctuary	0	1021	3776	10271
PHOSANI_S_NIGHTMARE	sisterhood_sanctuary	0	1021	3745	10271
YAMA	chasm_of_fire	0	1316	1438	10079
DOOM_OF_MOKHAIOTL	tonali_cavern	0	1020	1311	9383
ROYAL_TITANS	asgarnia_ice_cave	0	1007	3007	9550
AMOXLIATL	-	0	0	1440	3200
BRUTUS	-	0	0	3263	3297
DEMONIC_BRUTUS	-	0	0	6641	8067
MAD_ANGEL	-	0	0	2532	2215
MAGGOT_KING	-	0	0	3766	3338
THE_MIMIC	-	0	0	1645	3575
CRYSTALLINE_HUNLLEF	-	0	0	2211	3369
CORRUPTED_HUNLLEF	-	0	0	2214	3369
TZTOK_JAD	tzhaar_city	0	1177	2438	5168
TZKAL_ZUK	tzhaar_city	0	1177	2495	5117
SOL_HEREDIT	-	0	0	1802	3105
WINTERTODT	-	0	0	1630	3982
TEMPOROSS	-	0	0	3047	2849
ZALCANO	-	0	0	2252	3290
TEKTON	-	0	0	1252	3560
VANGUARD	-	0	0	1256	3560
VESPULA	-	0	0	1260	3560
VASA_NISTIRIO	-	0	0	1252	3564
MUTTADILE	-	0	0	1256	3564
GREAT_OLM	-	0	0	1260	3564
THE_MAIDEN_OF_SUGADINTI	-	0	0	3662	3218
PESTILENT_BLOAT	-	0	0	3666	3218
NYLOCAS_VASILIAS	-	0	0	3670	3218
SOTETSEG	-	0	0	3662	3222
XARPUS	-	0	0	3666	3222
VERZIK_VITUR	-	0	0	3670	3222
AKKHA	tombs_of_amascut	0	1351	3350	9110
BA_BA	tombs_of_amascut	0	1351	3357	9110
KEPHRI	tombs_of_amascut	0	1351	3364	9110
ZEBAK	tombs_of_amascut	0	1351	3350	9117
TUMEKEN_S_WARDEN	tombs_of_amascut	0	1351	3357	9117
ELIDINIS_WARDEN	tombs_of_amascut	0	1351	3364	9117
